富创单据号,华创需求数量,供给日期,紧急类型
100000255625,1,2026/6/29,
100000076874,1,2026/6/29,
100000077018,1,2026/6/29,
100000161902,1,2026/6/29,
100000256850,1,2026/6/29,
100000076849,1,2026/6/29,
100000076850,1,2026/6/29,
100000076853,1,2026/6/29,
100000076855,1,2026/6/29,
100000169989,1,2026/6/29,
100000076830,1,2026/6/29,
100000109079,1,2026/6/29,
100000215010,1,2026/6/30,
100000215014,1,2026/6/30,
100000255406,1,2026/6/30,
100000077024,1,2026/6/30,
100000215006,1,2026/7/1,
100000215008,1,2026/7/1,
100000254890,1,2026/7/1,
100000255281,1,2026/7/1,
100000076825,1,2026/6/29,
100000076827,1,2026/6/29,
100000076832,1,2026/6/29,
100000076834,1,2026/6/29,
100000076837,1,2026/7/3,
100000076839,1,2026/7/3,
100000076841,1,2026/7/3,
100000076846,1,2026/7/3,
100000109094,1,2026/7/4,
100000169987,1,2026/7/4,
100000169988,1,2026/7/4,
100000414218,1,2026/7/4,
100000414481,1,2026/7/5,
100000414482,1,2026/7/5,
100000414483,1,2026/7/5,
100000414484,1,2026/7/5,
100000449649,1,2026/7/6,
100000255864,1,2026/7/6,
100000257196,1,2026/7/6,
100000328386,1,2026/7/6,
100000414437,1,2026/7/7,
100000450091,1,2026/7/7,
100000076843,1,2026/7/7,
100000109081,1,2026/7/7,
100000109082,1,2026/7/8,
100000109083,1,2026/7/8,
100000109084,1,2026/7/8,
100000109085,1,2026/7/8,
100000109086,1,2026/7/9,
100000109087,1,2026/7/9,
100000109088,1,2026/7/9,
100000109089,1,2026/7/9,
100000109090,1,2026/7/10,
100000109091,1,2026/7/10,
100000109092,1,2026/7/10,
100000109093,1,2026/7/10,
100000109095,1,2026/7/11,
100000109096,1,2026/7/11,
100000109097,1,2026/7/11,
100000109098,1,2026/7/11,
100000161899,1,2026/7/12,
100000163832,1,2026/7/12,
100000163833,1,2026/7/12,
100000449985,1,2026/7/12,
100000449990,1,2026/7/13,
100000449991,1,2026/7/13,
100000449992,1,2026/7/13,
100000449993,1,2026/7/13,
100000449994,1,2026/7/14,
100000449995,1,2026/7/14,
100000449996,1,2026/7/14,
100000449997,1,2026/7/14,
100000449998,1,2026/7/15,
100000449999,1,2026/7/15,
100000450000,1,2026/7/15,
100000449812,1,2026/7/15,
100000449813,1,2026/7/16,
100000449814,1,2026/7/16,
100000449815,1,2026/7/16,
100000449816,1,2026/7/16,
100000469476,1,2026/7/17,
100000469477,1,2026/7/17,
100000469478,1,2026/7/17,
100000469479,1,2026/7/17,
100000469480,1,2026/7/18,
100000479599,1,2026/7/18,
100000469678,1,2026/7/18,
100000469679,1,2026/7/18,
100000469680,1,2026/7/19,
100000470087,1,2026/7/19,
100000470088,1,2026/7/19,
100000470089,1,2026/7/19,
100000469598,1,2026/7/20,
100000469599,1,2026/7/20,
100000469600,1,2026/7/20,
100000469905,1,2026/7/20,
100000469906,1,2026/7/21,
100000469907,1,2026/7/21,
100000469908,1,2026/7/21,
100000514314,1,2026/7/21,
100000514388,1,2026/7/22,
100000514506,1,2026/7/22,
100000514580,1,2026/7/22,
100000514670,1,2026/7/22,
100000514915,1,2026/7/23,
100000515006,1,2026/7/23,
100000532032,1,2026/7/23,
100000532033,1,2026/7/23,
100000532034,1,2026/7/24,
100000532035,1,2026/7/24,
100000532036,1,2026/7/24,
100000532037,1,2026/7/24,
100000532038,1,2026/7/25,
100000532039,1,2026/7/25,
100000532040,1,2026/7/25,
100000550734,1,2026/8/4,
100000550736,1,2026/8/5,
100000551333,1,2026/8/5,
100000551335,1,2026/8/5,
100000551337,1,2026/8/5,
100000551339,1,2026/8/6,
100000551341,1,2026/8/6,
100000532121,1,2026/7/27,
100000540258,1,2026/7/27,
100000540259,1,2026/7/28,
100000540260,1,2026/7/28,
100000540360,1,2026/7/28,
100000549664,1,2026/8/7,
100000549665,1,2026/8/8,
100000549666,1,2026/8/8,
100000549667,1,2026/8/8,
100000549668,1,2026/8/8,
100000549669,1,2026/8/9,
100000549670,1,2026/8/9,
100000549671,1,2026/8/9,
100000549672,1,2026/8/9,
100000549673,1,2026/8/10,
100000540292,1,2026/7/31,
100000540293,1,2026/7/31,
100000540294,1,2026/7/31,
100000540295,1,2026/8/1,
100000540426,1,2026/8/1,
100000540428,1,2026/8/1,
100000540430,1,2026/8/1,
100000540432,1,2026/8/2,
100000540434,1,2026/8/2,
100000540436,1,2026/8/2,
100000551490,1,2026/8/2,
100000551492,1,2026/8/3,
100000551494,1,2026/8/3,
100000551496,1,2026/8/3,
100000551601,1,2026/8/3,
100000551603,1,2026/8/4,
100000551605,1,2026/8/4,
100000551608,1,2026/8/4,
100000551610,1,2026/8/4,
100000551612,1,2026/8/5,
100000562017,1,2026/8/5,
100000562088,1,2026/8/5,
100000562090,1,2026/8/5,
100000562092,1,2026/8/6,
100000562094,1,2026/8/6,
100000562096,1,2026/8/6,
100000541105,1,2026/8/6,
100000541107,1,2026/8/7,
100000541109,1,2026/8/7,
100000549697,1,2026/8/7,
100000549698,1,2026/8/7,
100000549699,1,2026/8/8,
100000562032,1,2026/8/8,
100000562034,1,2026/8/8,
100000562036,1,2026/8/8,
100000562038,1,2026/8/9,
100000656394,1,2026/8/9,
100000656395,1,2026/8/9,
100000656396,1,2026/8/9,
100000656397,1,2026/8/10,
100000656398,1,2026/8/10,
100000656399,1,2026/8/10,
100000656400,1,2026/8/10,
100000656401,1,2026/8/11,
100000656402,1,2026/8/11,
100000656403,1,2026/8/11,
100000656404,1,2026/8/11,
100000656405,1,2026/8/12,
100000656581,1,2026/8/12,
100000656582,1,2026/8/12,
100000656583,1,2026/8/12,
100000656591,1,2026/8/13,
100000656592,1,2026/8/13,
100000656593,1,2026/8/13,
100000656462,1,2026/8/13,
100000656463,1,2026/8/14,
100000656464,1,2026/8/14,
100000656465,1,2026/8/14,
100000656470,1,2026/8/14,
100000656471,1,2026/8/15,
100000656472,1,2026/8/15,
100000656473,1,2026/8/15,
100000656751,1,2026/8/15,
100000656752,1,2026/8/16,
100000656916,2,2026/6/30,
100000656917,2,2026/6/30,
100000656919,2,2026/6/30,
100000656920,1,2026/7/10,
100000656921,2,2026/7/10,
100000656922,2,2026/7/10,
100000656923,1,2026/7/10,
100000656924,2,2026/7/10,
100000656925,2,2026/7/10,
100000656926,1,2026/7/10,
100000656927,1,2026/7/10,
100000656928,2,2026/7/10,
100000656929,2,2026/7/10,
100000656930,2,2026/7/10,
100000656932,2,2026/7/15,
100000656933,2,2026/7/15,
100000656934,2,2026/7/15,
100000656935,2,2026/7/15,
100000656942,2,2026/7/15,
100000656943,2,2026/7/15,
100000656945,2,2026/7/15,
100000656947,2,2026/7/15,
100000656948,1,2026/7/20,
100000656949,2,2026/7/20,
100000656950,2,2026/7/20,
100000656951,1,2026/7/20,
100000656952,2,2026/7/20,
100000656953,1,2026/7/20,
100000656954,2,2026/7/20,
100000656955,2,2026/7/20,
100000656956,2,2026/7/25,
100000656957,2,2026/7/25,
100000656960,2,2026/7/25,
100000656963,2,2026/8/4,
100000656964,2,2026/8/4,
100000656966,2,2026/8/10,
100000656967,2,2026/8/10,
100000644183,1,2026/7/20,
100000644306,1,2026/7/21,
100000644453,1,2026/8/7,
100000644236,1,2026/6/29,
100000644239,1,2026/8/9,
100000644241,1,2026/8/10,
100000644244,1,2026/8/11,
100000644247,1,2026/8/12,
100000644249,1,2026/8/13,
100000644323,1,2026/8/14,
100000644326,1,2026/8/15,
100000644329,1,2026/8/16,
100000644332,1,2026/8/17,
100000644335,1,2026/8/18,
100000427528,8,2026/7/4,
100000474267,2,2026/7/4,
100000492920,2,2026/7/16,
100000540330,2,2026/7/16,
100000540696,2,2026/7/16,
100000566524,1,2026/7/3,
100000566526,1,2026/7/5,
100000566419,1,2026/7/7,
100000566328,1,2026/7/9,
100000566692,1,2026/8/10,
100000473875,1,2026/7/21,
100000473878,1,2026/7/22,
100000474203,1,2026/7/23,
100000474205,1,2026/8/10,
100000474206,1,2026/8/10,
100000474208,1,2026/8/10,
100000474210,1,2026/8/10,
100000474212,1,2026/8/11,
100000474213,1,2026/8/11,
100000474215,1,2026/8/11,
100000474217,1,2026/8/11,
100000474218,1,2026/8/11,
100000474220,1,2026/8/11,
100000474222,1,2026/8/11,
100000474077,1,2026/7/24,
100000474079,1,2026/7/25,
100000474080,1,2026/7/25,
100000474082,1,2026/7/26,
100000474084,1,2026/7/26,
100000474085,1,2026/7/31,
100000474087,1,2026/8/1,
100000474088,1,2026/8/11,
800000014750,4,2026/7/19,
800000014751,4,2026/7/19,
800000014752,4,2026/7/19,
800000014754,4,2026/7/23,
800000014755,4,2026/7/23,
800000014756,4,2026/7/23,
800000014757,4,2026/7/26,
800000014758,4,2026/7/26,
800000014759,4,2026/7/26,
800000014760,4,2026/7/26,
800000014761,4,2026/7/26,
800000014762,4,2026/7/26,
800000014763,4,2026/8/2,
800000014764,4,2026/8/3,
800000014765,4,2026/7/25,
800000014767,4,2026/7/25,
100000573373,4,2026/7/16,
100000622067,4,2026/7/16,
100000622484,4,2026/7/19,
100000650352,2,2026/7/26,
100000663186,12,2026/7/18,
100000663518,5,2026/7/18,
100000467102,4,2026/7/21,
100000467100,4,2026/7/24,
300000005829,2,2026/8/1,
300000005827,2,2026/8/1,
300000005828,1,2026/8/1,
300000005812,1,2026/8/1,
300000001439,1,2026/8/11,
300000001564,1,2026/8/11,
300000001565,1,2026/7/18,
300000001010,1,2026/7/10,
300000005080,1,2026/7/1,
300000002115,1,2026/7/4,
300000004488,1,2026/6/29,
300000005312,1,2026/6/30,
300000002105,1,2026/6/30,
300000002379,1,2026/6/30,
300000005045,1,2026/7/27,
300000001614,1,2026/7/10,
300000002071,1,2026/7/5,
300000004605,1,2026/7/6,
300000004602,1,2026/7/6,
300000005806,1,2026/7/6,
300000005867,1,2026/8/2,
300000005528,1,2026/7/1,
300000005866,1,2026/8/2,
300000005669,1,2026/8/2,
300000001877,1,2026/8/16,
300000001885,4,2026/8/11,
300000001886,4,2026/8/11,
300000002400,1,2026/7/1,
300000002401,1,2026/8/4,
300000002579,1,2026/8/4,
300000002564,1,2026/7/3,
300000002399,1,2026/7/3,
300000002577,1,2026/7/1,
300000002198,1,2026/7/3,
300000002145,1,2026/8/5,
300000001233,1,2026/7/4,
300000002148,1,2026/7/1,
300000002199,1,2026/7/4,
300000002045,1,2026/8/5,
300000002144,1,2026/7/3,
300000000861,1,2026/8/17,
300000001232,1,2026/7/4,
300000000705,1,2026/7/4,
300000001231,1,2026/7/4,
300000000825,1,2026/7/4,
300000000707,1,2026/7/4,
300000001798,1,2026/7/4,
300000000549,1,2026/7/4,
300000000706,1,2026/7/4,
300000000824,1,2026/7/4,
300000001803,1,2026/7/4,
300000001799,1,2026/7/4,
300000001230,1,2026/7/4,
300000001904,1,2026/7/10,
300000005007,1,2026/7/8,
300000005236,1,2026/7/17,
300000005237,1,2026/7/4,
300000005233,1,2026/6/29,
300000005234,1,2026/7/4,
300000005235,1,2026/7/8,
300000005005,1,2026/7/28,
300000005006,1,2026/7/28,
300000005008,1,2026/7/17,
300000001084,1,2026/7/17,
300000001085,1,2026/7/17,
300000001083,1,2026/7/17,
300000001692,2,2026/8/2,
300000001693,1,2026/7/6,
300000002811,1,2026/7/4,
300000002812,1,2026/7/5,
300000002814,1,2026/7/5,
300000005840,1,2026/8/2,
300000005818,2,2026/8/2,
300000004652,2,2026/7/7,
300000005819,2,2026/8/2,
300000004651,2,2026/6/29,
300000005820,4,2026/8/2,
300000005821,5,2026/8/2,
300000001750,1,2026/7/17,
300000003245,2,2026/6/29,
300000005833,1,2026/8/2,
300000005834,1,2026/8/2,
300000005835,1,2026/8/2,
300000005836,1,2026/8/2,
300000005837,1,2026/8/2,
300000005838,1,2026/8/2,
300000005839,1,2026/8/2,
300000005831,1,2026/8/2,
300000002628,1,2026/7/18,
300000003103,1,2026/7/11,
300000002038,2,2026/6/29,
300000005606,4,2026/8/2,
300000005607,2,2026/8/2,
300000003182,1,2026/6/29,
300000003180,1,2026/7/3,
300000003181,1,2026/7/1,
300000005668,1,2026/8/2,
300000004954,1,2026/6/30,
300000005086,1,2026/6/30,
300000005855,1,2026/8/2,
300000005843,1,2026/8/2,
300000005848,1,2026/8/4,
300000005844,1,2026/8/4,
300000005845,1,2026/8/4,
300000005846,1,2026/8/4,
300000005847,1,2026/8/4,
300000004681,8,2026/8/18,
300000005841,6,2026/8/4,
300000005300,1,2026/6/29,
300000005302,1,2026/8/4,
300000005304,1,2026/7/7,
300000005306,1,2026/8/4,
300000005307,1,2026/7/6,
300000005516,1,2026/6/29,
300000005518,1,2026/7/1,
300000005519,2,2026/7/1,
300000005517,1,2026/7/14,
300000005058,1,2026/8/18,
300000005059,2,2026/8/18,
300000005060,2,2026/8/18,
300000005061,2,2026/8/18,
300000005062,2,2026/7/1,
300000005063,4,2026/7/1,
300000005064,6,2026/7/1,
300000005065,2,2026/7/1,
300000004978,2,2026/7/11,
300000001899,1,2026/8/12,
300000001900,1,2026/8/12,
300000001887,1,2026/8/15,
300000001892,4,2026/8/15,
300000001901,1,2026/8/12,
300000001902,1,2026/8/10,
300000001903,1,2026/8/10,
300000001888,2,2026/8/15,
300000001889,2,2026/8/15,
300000001890,2,2026/8/15,
300000001891,2,2026/8/15,
300000001894,2,2026/8/15,
300000001893,6,2026/8/15,
300000001895,1,2026/8/15,
300000001896,2,2026/8/15,
300000001897,2,2026/8/12,
300000001898,1,2026/8/12,
300000002297,1,2026/6/29,
300000003665,1,2026/7/9,
300000002597,1,2026/6/29,
300000003669,1,2026/7/10,
300000003685,1,2026/7/11,
300000003663,1,2026/6/30,
300000003666,1,2026/7/11,
300000003670,1,2026/8/17,
300000002586,1,2026/7/11,
300000003994,1,2026/7/1,
300000003661,1,2026/6/29,
300000002587,1,2026/7/4,
300000002374,1,2026/7/4,
300000003996,1,2026/7/1,
300000003995,1,2026/7/1,
300000003402,1,2026/8/5,
300000003405,1,2026/8/5,
300000003394,1,2026/8/5,
300000003397,1,2026/7/1,
300000003403,1,2026/7/1,
300000003406,1,2026/7/1,
300000003407,1,2026/8/5,
300000003408,1,2026/8/5,
300000003409,1,2026/7/1,
300000003398,1,2026/7/1,
300000003399,1,2026/7/1,
300000003400,1,2026/7/1,
300000003401,1,2026/6/29,
300000005018,1,2026/7/17,
300000005025,1,2026/8/7,
300000005027,1,2026/8/7,
300000005036,1,2026/7/14,
300000005023,1,2026/8/7,
300000005567,1,2026/7/8,
300000005571,1,2026/7/11,
300000005572,1,2026/7/12,
300000005566,1,2026/7/7,
300000005568,1,2026/7/9,
300000005569,1,2026/7/10,
300000005570,1,2026/7/13,
300000005609,1,2026/7/11,
300000001802,1,2026/6/29,
300000002383,1,2026/6/30,
300000000444,1,2026/7/11,
300000001082,1,2026/7/4,
300000001088,1,2026/7/6,
300000001094,1,2026/7/8,
300000005616,1,2026/7/17,
300000005617,1,2026/7/19,
300000005830,1,2026/8/4,
300000005418,1,2026/6/29,
300000004349,1,2026/7/3,
300000005868,1,2026/8/10,
300000003690,2,2026/7/13,
300000003691,1,2026/7/1,
300000003693,4,2026/7/13,
300000005505,4,2026/7/10,
300000005525,1,2026/7/11,
300000005816,2,2026/8/10,
300000005817,4,2026/8/10,
300000005575,2,2026/6/29,
300000005576,3,2026/6/29,
300000005842,2,2026/8/10,
300000005389,2,2026/8/10,
300000005390,2,2026/8/10,
300000005388,2,2026/8/10,
300000005386,2,2026/8/10,
300000005387,2,2026/8/10,
300000005385,2,2026/8/10,
300000003161,1,2026/7/3,
300000005101,1,2026/8/5,
300000005103,1,2026/6/30,
300000005102,1,2026/6/30,
300000005100,1,2026/6/30,
300000004089,1,2026/6/29,
300000004054,1,2026/6/29,
300000004055,1,2026/6/29,
300000004056,1,2026/6/29,
300000004057,1,2026/6/29,
300000004352,1,2026/8/5,
300000004492,1,2026/6/29,
300000004058,1,2026/6/29,
300000004059,1,2026/6/29,
300000004166,1,2026/6/29,
300000004493,1,2026/6/29,
300000004060,1,2026/6/29,
300000004351,1,2026/6/29,
300000004063,1,2026/6/29,
300000005416,1,2026/8/10,
300000001738,3,2026/7/3,
300000000429,1,2026/6/30,
300000000426,1,2026/7/5,
300000000430,1,2026/7/8,
300000002733,1,2026/7/9,
300000002734,1,2026/7/10,
300000002737,1,2026/7/11,
300000005417,3,2026/7/27,
300000003615,1,2026/7/1,
300000003616,1,2026/7/1,
300000005089,1,2026/7/3,
300000002662,1,2026/7/3,
300000005832,1,2026/8/17,
300000005396,10,2026/8/17,
300000005398,10,2026/8/17,
300000005391,10,2026/8/17,
300000005392,10,2026/8/18,
300000005393,4,2026/8/18,
300000005395,10,2026/8/18,
300000005394,10,2026/8/18,
300000005397,8,2026/8/18,
300000005399,4,2026/8/18,
300000005400,10,2026/8/18,
300000005401,10,2026/8/18,
300000004988,1,2026/8/6,
300000004989,1,2026/7/7,
300000004985,1,2026/8/17,
300000004990,2,2026/7/24,
300000004984,5,2026/7/14,
300000004983,1,2026/7/24,
300000004991,1,2026/7/10,
300000004992,1,2026/7/4,
300000004993,1,2026/7/9,
300000004994,1,2026/7/6,
300000004986,1,2026/8/17,
300000004987,1,2026/8/2,
300000005824,1,2026/8/18,
300000005825,1,2026/8/18,
300000005582,2,2026/8/21,
100000068553,1,2026/7/18,
100000070157,1,2026/7/3,
100000656803,1,2026/8/10,
100000225302,1,2026/7/23,
100000656371,1,2026/7/25,
100000656372,1,2026/8/10,
100000656373,1,2026/8/10,
100000656478,1,2026/8/10,
100000360369,5,2026/7/4,
100000033126,5,2026/7/9,
100000360323,1,2026/7/9,
100000371764,3,2026/7/5,
100000371765,2,2026/7/6,
100000348207,4,2026/7/6,
100000255532,3,2026/7/7,
100000360338,2,2026/7/7,
100000427410,4,2026/7/8,
100000371883,5,2026/7/8,
100000371889,3,2026/7/9,
100000365688,3,2026/7/9,
100000365973,3,2026/7/10,
100000371763,5,2026/7/10,
100000365975,2,2026/7/11,
100000360446,5,2026/7/11,
100000360447,5,2026/7/12,
100000371882,5,2026/7/7,
100000427519,2,2026/7/13,
100000514491,1,2026/7/13,
100000371885,5,2026/7/14,
100000514883,2,2026/7/14,
100000514630,2,2026/7/15,
100000514840,5,2026/7/15,
100000515144,2,2026/7/16,
100000514352,5,2026/7/16,
100000514617,5,2026/7/17,
100000514657,5,2026/7/17,
100000514878,1,2026/7/18,
100000360482,5,2026/7/18,
100000360366,2,2026/7/19,
100000514823,4,2026/7/19,
100000514309,5,2026/7/20,
100000514572,5,2026/7/20,
100000514813,5,2026/7/21,
100000514932,5,2026/7/21,
100000514293,5,2026/7/22,
100000514478,5,2026/7/22,
100000514635,5,2026/7/23,
100000515068,5,2026/7/23,
100000514450,5,2026/7/24,
100000515078,5,2026/7/24,
100000514806,5,2026/7/25,
100000514712,5,2026/7/25,
100000515090,5,2026/7/26,
100000514548,5,2026/7/26,
100000514461,5,2026/7/27,
100000514603,5,2026/7/27,
100000514254,5,2026/7/28,
100000514413,5,2026/7/28,
100000514526,5,2026/7/29,
100000514776,5,2026/7/29,
100000514951,5,2026/7/30,
100000515049,5,2026/7/30,
100000515104,5,2026/7/31,
100000515116,5,2026/7/31,
100000515119,5,2026/8/1,
800000012269,5,2026/8/1,
800000012270,5,2026/8/2,
800000012271,5,2026/8/2,
800000012272,5,2026/8/3,
800000012273,5,2026/8/3,
800000012274,5,2026/8/4,
100000514772,4,2026/8/4,
100000514276,5,2026/8/5,
100000514545,5,2026/8/5,
100000514274,5,2026/8/6,
100000514467,1,2026/8/6,
100000514535,5,2026/8/7,
100000514911,5,2026/8/7,
100000514980,1,2026/8/8,
100000514507,5,2026/8/8,
100000514610,5,2026/8/9,
100000514623,5,2026/8/9,
100000514633,5,2026/8/10,
100000514689,5,2026/8/10,
100000629053,5,2026/8/11,
100000629054,5,2026/8/11,
100000629625,5,2026/8/12,
100000629626,5,2026/8/12,
100000629627,4,2026/8/13,
100000568398,5,2026/8/13,
100000568402,5,2026/8/14,
100000568405,2,2026/8/14,
100000616300,5,2026/8/15,
100000616303,4,2026/8/15,
100000616591,5,2026/8/16,
100000616594,5,2026/8/16,
100000616597,5,2026/8/17,
100000629653,5,2026/8/17,
100000629654,5,2026/8/18,
100000629655,5,2026/8/18,
100000629656,5,2026/8/19,
100000629657,4,2026/8/19,
100000573997,5,2026/8/20,
100000574000,5,2026/8/20,
100000574003,5,2026/8/21,
100000574006,5,2026/8/21,
100000574009,5,2026/8/22,
100000574012,5,2026/8/22,
100000574015,5,2026/8/23,
100000574018,1,2026/8/23,
100000598048,5,2026/8/24,
100000598049,5,2026/8/24,
100000598050,2,2026/8/25,
100000616750,5,2026/8/25,
100000616753,5,2026/8/26,
100000616755,5,2026/8/26,
100000616758,5,2026/8/27,
100000616762,5,2026/8/27,
100000616764,5,2026/8/28,
100000616766,2,2026/8/28,
100000629067,5,2026/8/29,
100000629068,5,2026/8/29,
100000629069,5,2026/8/30,
100000629070,5,2026/8/30,
100000629071,5,2026/8/31,
100000629072,5,2026/8/31,
100000629073,5,2026/8/2,
100000629074,1,2026/8/2,
100000629129,5,2026/8/3,
100000629130,5,2026/8/3,
100000629131,5,2026/8/4,
100000629132,5,2026/8/4,
100000629133,5,2026/8/5,
100000629134,5,2026/8/5,
100000629135,5,2026/8/6,
100000629136,1,2026/8/6,
100000629535,4,2026/8/7,
100000371568,4,2026/7/3,
100000469967,4,2026/7/18,
100000469470,2,2026/7/3,
100000450096,4,2026/6/29,
100000469785,4,2026/6/29,
100000469786,4,2026/7/15,
100000469770,4,2026/7/20,
100000469528,1,2026/6/29,
100000514279,4,2026/7/14,
100000514341,4,2026/7/14,
100000514468,4,2026/7/3,
100000469805,4,2026/8/18,
100000469810,3,2026/7/5,
100000371567,3,2026/7/28,
100000371569,2,2026/7/18,
100000469968,2,2026/7/16,
100000371739,4,2026/7/11,
100000371740,4,2026/7/11,
100000371741,2,2026/7/11,
100000469467,4,2026/7/18,
100000469468,2,2026/7/1,
100000469747,1,2026/7/5,
100000469748,4,2026/7/5,
100000469749,4,2026/7/6,
100000469469,4,2026/7/1,
100000371965,3,2026/7/15,
100000387919,4,2026/7/11,
100000469784,4,2026/7/3,
100000449540,3,2026/7/11,
100000469751,3,2026/7/5,
100000450092,4,2026/7/11,
100000450093,4,2026/7/11,
100000450094,4,2026/7/11,
100000469787,4,2026/7/16,
100000469788,4,2026/7/17,
100000469789,4,2026/7/19,
100000449734,1,2026/7/11,
100000450138,4,2026/7/11,
100000450139,1,2026/7/14,
100000469527,4,2026/7/3,
100000449934,3,2026/7/28,
100000469530,3,2026/7/4,
100000470044,4,2026/7/21,
100000470045,2,2026/7/3,
100000470135,4,2026/7/12,
100000470136,2,2026/8/13,
100000470137,4,2026/7/12,
100000470138,4,2026/8/13,
100000470139,4,2026/7/14,
100000485442,4,2026/8/13,
100000485443,4,2026/8/20,
100000502273,4,2026/7/12,
100000502276,2,2026/7/30,
100000507940,4,2026/7/31,
100000507941,2,2026/7/30,
100000514419,3,2026/7/30,
100000514226,4,2026/8/23,
100000514244,4,2026/7/31,
100000514583,4,2026/7/31,
100000514648,4,2026/8/7,
100000514697,4,2026/8/11,
100000515179,4,2026/8/22,
100000470043,4,2026/7/21,
100000365853,4,2026/7/21,
100000365855,4,2026/8/22,
100000365857,2,2026/8/22,
100000514427,4,2026/8/22,
100000365683,3,2026/8/23,
100000469466,4,2026/8/24,
100000450095,4,2026/8/25,
100000515045,4,2026/8/26,
100000365686,1,2026/8/27,
100000427262,1,2026/8/28,
100000629641,4,2026/8/29,
100000629642,4,2026/8/30,
100000629643,4,2026/8/31,
100000616727,4,2026/8/2,
100000629097,4,2026/8/3,
100000629234,4,2026/8/4,
100000629235,4,2026/8/5,
100000629245,4,2026/8/6,
100000629246,4,2026/8/7,
100000629247,4,2026/8/8,
100000629248,4,2026/8/9,
100000629537,4,2026/8/10,
100000629096,4,2026/8/11,
100000616729,1,2026/8/12,
100000629236,2,2026/8/13,
100000629249,1,2026/8/14,
100000152535,4,2026/7/7,
100000469750,2,2026/7/7,
100000469821,5,2026/7/8,
100000469999,1,2026/7/8,
100000438012,5,2026/7/9,
100000438011,5,2026/7/9,
100000033078,4,2026/7/10,
100000135458,2,2026/7/10,
100000465190,4,2026/7/11,
100000437923,2,2026/7/11,
100000485249,2,2026/7/12,
100000514826,2,2026/7/12,
100000437840,4,2026/7/13,
100000438013,1,2026/7/13,
100000507922,4,2026/7/14,
100000514565,5,2026/7/14,
100000456195,2,2026/7/15,
100000465090,2,2026/7/15,
100000469738,2,2026/7/16,
100000437936,5,2026/7/16,
100000456123,3,2026/7/17,
100000469658,5,2026/7/17,
100000470127,2,2026/7/18,
100000469984,5,2026/7/18,
100000469998,5,2026/7/19,
100000469957,5,2026/7/19,
100000470126,5,2026/7/20,
100000502161,4,2026/7/20,
100000507933,5,2026/7/21,
100000507934,3,2026/7/21,
100000514777,4,2026/7/22,
100000469495,2,2026/7/22,
100000502084,2,2026/7/23,
100000507813,2,2026/7/23,
100000469659,1,2026/7/24,
100000485270,5,2026/7/24,
100000485271,5,2026/7/25,
100000616518,3,2026/7/25,
100000616521,5,2026/7/26,
100000616525,3,2026/7/26,
100000616268,5,2026/7/27,
100000616271,5,2026/7/27,
100000616273,1,2026/7/28,
100000616790,1,2026/7/28,
100000567913,5,2026/7/29,
100000616581,5,2026/7/29,
100000616584,1,2026/7/30,
100000622566,5,2026/7/30,
100000622567,1,2026/7/31,
100000629650,5,2026/7/31,
100000629651,1,2026/8/1,
100000616587,1,2026/8/1,
100000622010,5,2026/8/2,
100000622011,5,2026/8/2,
100000622012,5,2026/8/3,
100000622013,5,2026/8/3,
100000622014,5,2026/8/4,
100000622015,2,2026/8/4,
100000629341,5,2026/8/5,
100000629342,5,2026/8/5,
100000629343,5,2026/8/6,
100000629344,1,2026/8/6,
100000622016,5,2026/8/7,
100000622017,1,2026/8/7,
100000629345,5,2026/8/8,
100000622393,5,2026/8/8,
100000255449,1,2026/7/7,
100000154893,1,2026/7/7,
100000033143,2,2026/7/7,
100000154932,1,2026/7/7,
100000254871,1,2026/6/29,
100000502535,1,2026/8/16,
100000163781,1,2026/7/7,
100000033154,1,2026/7/8,
100000033232,1,2026/7/7,
100000154955,1,2026/7/7,
100000163778,1,2026/7/7,
100000161722,1,2026/7/7,
100000070334,1,2026/7/10,
100000255168,1,2026/7/7,
100000142643,1,2026/7/7,
100000142642,1,2026/7/7,
100000502504,1,2026/6/29,
100000502472,1,2026/7/10,
100000154928,1,2026/7/10,
100000154931,1,2026/7/7,
100000142644,1,2026/7/7,
100000152373,1,2026/7/7,
100000154891,1,2026/7/7,
100000163735,1,2026/7/7,
100000161849,1,2026/7/10,
100000111918,1,2026/7/7,
100000154877,1,2026/7/10,
100000154895,1,2026/7/10,
100000152300,1,2026/7/10,
100000502479,1,2026/7/19,
100000255888,1,2026/7/10,
100000152371,1,2026/7/11,
100000152242,1,2026/7/11,
100000067289,1,2026/7/10,
100000154896,1,2026/7/11,
100000507928,1,2026/7/11,
100000154892,1,2026/7/7,
100000502369,1,2026/7/14,
100000111921,1,2026/6/29,
100000502400,1,2026/7/10,
100000152306,1,2026/6/29,
100000255045,1,2026/6/29,
100000255850,1,2026/6/29,
100000507927,1,2026/7/11,
100000255702,1,2026/6/29,
100000255614,1,2026/6/29,
100000152303,1,2026/7/11,
100000068953,1,2026/7/11,
100000154883,1,2026/6/30,
100000502370,1,2026/7/30,
100000502390,1,2026/7/31,
100000502376,1,2026/7/11,
100000502383,1,2026/7/16,
100000502499,1,2026/8/7,
100000502174,1,2026/7/18,
100000033444,1,2026/7/2,
100000163742,1,2026/7/10,
100000254913,1,2026/7/10,
100000152233,1,2026/7/11,
100000152304,1,2026/7/11,
100000154882,1,2026/7/11,
100000161725,1,2026/7/11,
100000204316,1,2026/7/11,
100000507926,1,2026/7/9,
100000254980,1,2026/7/11,
100000255891,1,2026/7/11,
100000070139,1,2026/7/11,
100000154966,1,2026/7/11,
100000154969,1,2026/7/11,
100000163783,1,2026/7/11,
100000254814,1,2026/7/11,
200000003693,1,2026/6/29,
100000502395,1,2026/7/21,
100000502380,1,2026/7/12,
100000502381,1,2026/7/12,
100000502500,1,2026/7/20,
100000502502,1,2026/7/20,
100000502466,1,2026/7/12,
100000502467,1,2026/7/13,
100000502141,1,2026/7/19,
100000502142,1,2026/7/15,
100000502476,1,2026/7/18,
200000003692,1,2026/6/29,
200000003707,1,2026/6/29,
200000003691,1,2026/6/29,
100000154900,1,2026/7/13,
200000003695,1,2026/6/29,
100000502366,1,2026/7/16,
100000502367,1,2026/7/15,
100000502410,1,2026/7/4,
100000502451,1,2026/7/5,
100000502452,1,2026/7/6,
100000502456,1,2026/7/8,
100000502457,1,2026/7/8,
100000502503,1,2026/7/21,
100000502506,1,2026/7/21,
100000502173,1,2026/7/10,
100000502176,1,2026/7/10,
100000502462,1,2026/7/11,
100000502527,1,2026/7/23,
100000502531,1,2026/7/24,
100000502464,1,2026/7/12,
100000502469,1,2026/7/13,
100000502532,1,2026/7/24,
100000502437,1,2026/7/15,
100000502473,1,2026/7/17,
100000502549,1,2026/7/26,
200000003703,1,2026/6/29,
200000003694,1,2026/6/29,
200000003705,1,2026/6/29,
200000003716,1,2026/7/18,
200000003701,1,2026/6/29,
200000003689,1,2026/6/29,
200000003690,1,2026/7/11,
200000003682,8,2026/7/22,
200000003683,7,2026/7/22,
200000003684,7,2026/7/23,
200000003685,7,2026/7/23,
200000003687,1,2026/7/23,
200000003710,1,2026/7/24,
200000003711,1,2026/7/24,
200000003712,1,2026/7/24,
100000573577,1,2026/7/19,
100000573579,1,2026/7/19,
100000580633,1,2026/7/19,
100000580634,1,2026/7/19,
100000580635,1,2026/7/27,
100000597900,1,2026/7/28,
100000597901,1,2026/7/28,
100000597902,1,2026/7/28,
100000616436,1,2026/8/2,
100000616439,1,2026/8/2,
100000616443,1,2026/8/2,
100000629594,1,2026/8/12,
100000629595,1,2026/8/13,
100000629596,1,2026/8/13,
100000502227,1,2026/7/16,
100000502394,1,2026/7/21,
100000502396,1,2026/7/8,
100000502397,1,2026/7/8,
100000502399,1,2026/7/8,
100000502450,1,2026/7/5,
100000502453,1,2026/7/6,
100000502454,1,2026/7/6,
100000502413,1,2026/7/7,
100000502455,1,2026/7/8,
100000502458,1,2026/7/9,
100000502459,1,2026/7/9,
100000502505,1,2026/7/21,
100000502507,1,2026/7/22,
100000502175,1,2026/7/10,
100000502460,1,2026/7/11,
100000502461,1,2026/7/11,
100000502525,1,2026/7/22,
100000502526,1,2026/7/22,
100000502528,1,2026/7/23,
100000502529,1,2026/7/23,
100000502530,1,2026/7/24,
100000502463,1,2026/7/11,
100000502465,1,2026/7/12,
100000502468,1,2026/7/13,
100000502536,1,2026/7/25,
100000502538,1,2026/7/26,
100000502137,1,2026/7/14,
100000502138,1,2026/7/14,
100000502139,1,2026/7/14,
100000502436,1,2026/7/15,
100000502438,1,2026/7/16,
100000502470,1,2026/7/16,
100000502471,1,2026/7/16,
100000502474,1,2026/7/17,
100000502475,1,2026/7/18,
100000502477,1,2026/7/18,
100000502478,1,2026/7/26,
100000502555,1,2026/7/27,
100000580678,1,2026/7/29,
100000580679,1,2026/7/29,
100000580680,1,2026/7/29,
100000580681,1,2026/7/30,
100000580682,1,2026/7/30,
100000580683,1,2026/7/30,
100000580684,1,2026/7/31,
100000598052,1,2026/7/31,
100000598053,1,2026/7/31,
100000598080,1,2026/8/1,
100000598081,1,2026/8/1,
100000598082,1,2026/8/1,
100000598083,1,2026/8/3,
100000598084,1,2026/8/3,
100000598085,1,2026/8/3,
100000598086,1,2026/8/4,
100000598090,1,2026/8/4,
100000598092,1,2026/8/4,
100000598095,1,2026/8/5,
100000629078,1,2026/8/12,
100000629079,1,2026/8/12,
100000629080,1,2026/8/12,
100000629081,1,2026/8/13,
100000629082,1,2026/8/13,
100000629083,1,2026/8/13,
100000629084,1,2026/8/14,
100000629085,1,2026/8/14,
100000629086,1,2026/8/15,
100000629087,1,2026/8/15,
100000629088,1,2026/8/15,
100000629089,1,2026/8/16,
100000616459,1,2026/8/5,
100000616461,1,2026/8/5,
100000616464,1,2026/8/6,
100000616467,1,2026/8/6,
100000616470,1,2026/8/6,
100000616473,1,2026/8/7,
100000616477,1,2026/8/7,
100000616480,1,2026/8/7,
100000616618,1,2026/8/8,
100000616621,1,2026/8/8,
100000616624,1,2026/8/8,
100000616627,1,2026/8/9,
100000616629,1,2026/8/9,
100000616632,1,2026/8/9,
100000616635,1,2026/8/10,
100000616639,1,2026/8/10,
100000616641,1,2026/8/10,
100000616644,1,2026/8/11,
100000616646,1,2026/8/11,
100000616649,1,2026/8/11,
100000616652,1,2026/8/14,
100000629122,1,2026/8/16,
100000629123,1,2026/8/16,
100000629124,1,2026/8/17,
100000629125,1,2026/8/17,
100000629126,1,2026/8/17,
100000629127,1,2026/8/18,
100000629180,1,2026/8/18,
100000629181,1,2026/8/18,
100000629182,1,2026/8/19,
100000629183,1,2026/8/19,
100000629184,1,2026/8/19,
100000629185,1,2026/8/20,
100000629186,1,2026/8/20,
100000629187,1,2026/8/20,
100000629188,1,2026/8/21,
100000629189,1,2026/8/21,
100000629190,1,2026/8/15,
200000000543,3,2026/7/2,
100000367649,8,2026/7/19,
100000033080,4,2026/7/20,
100000474033,1,2026/6/29,
100000161605,3,2026/7/6,
100000392456,6,2026/7/19,
100000485410,3,2026/7/7,
100000597465,8,2026/7/30,
100000616776,8,2026/8/5,
100000629241,8,2026/8/6,
100000616608,10,2026/8/5,
100000616611,10,2026/8/5,
100000616615,2,2026/8/5,
100000629252,10,2026/8/6,
100000629253,10,2026/8/6,
100000629254,4,2026/8/6,
100000629138,10,2026/8/5,
100000629139,10,2026/8/6,
100000629140,9,2026/8/6,
100000371939,4,2026/7/3,
100000348281,2,2026/7/3,
100000347791,3,2026/7/3,
100000371947,2,2026/7/5,
100000347793,1,2026/7/4,
100000371945,2,2026/7/5,
100000392453,3,2026/6/29,
100000328441,1,2026/6/29,
100000347795,2,2026/7/3,
100000515024,1,2026/7/16,
100000287749,3,2026/8/7,
100000656317,1,2026/8/10,
800000014685,2,2026/7/3,
100000450253,1,2026/7/7,
800000010058,2,2026/7/3,
100000319274,1,2026/7/11,
100000455850,8,2026/7/9,
100000474272,2,2026/7/8,
100000492921,2,2026/7/12,
100000540331,2,2026/7/12,
100000540698,2,2026/7/12,
100000455851,8,2026/7/5,
100000474270,2,2026/7/8,
100000492923,2,2026/7/12,
100000540333,2,2026/7/12,
100000540702,2,2026/7/12,
100000455852,8,2026/7/5,
100000474268,2,2026/7/7,
100000492922,2,2026/7/12,
100000540332,2,2026/7/12,
100000540700,2,2026/7/12,
100000580671,1,2026/7/26,
100000585946,1,2026/6/29,
100000585945,1,2026/7/9,
100000580650,1,2026/7/16,
100000580690,1,2026/7/19,
100000585947,1,2026/6/29,
100000585969,1,2026/7/9,
100000585970,1,2026/7/9,
100000558249,2,2026/7/5,
100000597887,2,2026/7/19,
100000629399,2,2026/7/30,
100000532156,1,2026/7/16,
100000310847,1,2026/7/7,
100000387977,1,2026/7/14,
100000414682,1,2026/7/14,
100000124407,1,2026/7/10,
100000387978,1,2026/7/3,
100000414253,1,2026/7/14,
100000414678,1,2026/7/14,
100000414680,1,2026/7/14,
100000474165,1,2026/7/6,
100000269882,1,2026/7/19,
100000414681,1,2026/7/28,
100000414683,1,2026/7/5,
100000414828,1,2026/7/28,
100000456172,1,2026/7/5,
100000456173,1,2026/7/6,
100000456174,1,2026/7/6,
100000387975,1,2026/7/14,
100000387976,1,2026/7/14,
100000387979,1,2026/7/14,
100000456171,1,2026/7/10,
100000414829,1,2026/7/29,
100000474167,1,2026/7/27,
100000474292,1,2026/8/4,
100000474293,1,2026/8/4,
100000474295,1,2026/8/4,
100000474296,1,2026/8/4,
100000474298,1,2026/7/18,
100000474300,1,2026/7/27,
100000474301,1,2026/7/27,
100000488028,1,2026/7/27,
100000488029,1,2026/7/30,
100000488030,1,2026/7/8,
100000488031,1,2026/8/8,
100000488032,1,2026/7/30,
100000488033,1,2026/7/31,
100000488034,1,2026/8/1,
100000490900,1,2026/8/2,
100000490901,1,2026/8/3,
100000490902,1,2026/8/4,
100000580644,1,2026/8/5,
100000580645,1,2026/8/6,
100000490903,1,2026/8/7,
100000580646,1,2026/8/8,
100000573971,1,2026/8/9,
100000573973,1,2026/8/10,
100000573976,1,2026/8/11,
100000573978,1,2026/8/12,
100000580651,1,2026/8/13,
100000580652,1,2026/8/4,
100000580653,1,2026/8/4,
100000580654,1,2026/8/14,
100000573501,1,2026/8/14,
100000573503,1,2026/8/15,
100000580655,1,2026/8/14,
100000580656,1,2026/8/29,
100000597646,1,2026/8/29,
100000597647,1,2026/8/10,
100000069710,1,2026/6/29,
100000069721,1,2026/7/3,
100000387400,2,2026/7/3,
100000414692,2,2026/7/21,
100000070128,1,2026/7/8,
100000387399,2,2026/7/18,
100000414689,2,2026/7/25,
100000414690,2,2026/7/15,
100000456001,2,2026/7/1,
100000456002,2,2026/7/12,
100000456003,2,2026/7/3,
100000456004,2,2026/7/4,
100000456005,1,2026/7/5,
100000414688,2,2026/7/9,
100000414691,2,2026/8/4,
100000069722,1,2026/7/11,
100000414572,2,2026/6/30,
100000474290,2,2026/7/6,
100000485361,2,2026/7/8,
100000490859,2,2026/7/9,
100000485269,2,2026/7/7,
100000387403,1,2026/8/4,
100000490860,2,2026/8/6,
100000490861,1,2026/8/7,
100000490878,2,2026/8/8,
100000490879,2,2026/8/9,
100000490880,2,2026/8/10,
100000490881,2,2026/8/11,
100000490882,1,2026/8/12,
100000567878,2,2026/8/13,
100000567907,2,2026/8/14,
100000567908,2,2026/8/15,
100000567909,1,2026/8/7,
100000598157,2,2026/8/29,
200000000179,1,2026/7/15,
200000000261,1,2026/7/16,
100000008781,1,2026/7/2,
100000008874,1,2026/7/5,
200000000533,2,2026/7/6,
100000233956,1,2026/7/19,
100000514736,1,2026/7/17,
100000515083,1,2026/7/24,
100000514357,1,2026/7/24,
100000514659,1,2026/7/24,
100000515070,1,2026/7/24,
100000514307,1,2026/7/24,
100000656391,1,2026/7/25,
100000514348,4,2026/7/14,
100000514594,4,2026/7/14,
100000193693,1,2026/7/23,
100000193695,1,2026/8/20,
100000205923,2,2026/7/23,
100000553634,2,2026/8/19,
100000254929,2,2026/7/1,
100000069651,2,2026/7/1,
100000069737,2,2026/7/1,
100000069328,2,2026/6/29,
100000629051,1,2026/7/12,
400000001756,1,2026/7/5,
100000656856,10,2026/8/21,
100000656857,10,2026/8/21,
100000656845,8,2026/8/21,
100000656858,10,2026/8/21,
800000012378,1,2026/8/18,
100000656859,9,2026/8/21,
100000479575,4,2026/7/6,
400000002537,1,2026/7/12,
800000013972,1,2026/7/12,
100000507859,1,2026/7/21,
100000514963,4,2026/7/23,
100000622477,6,2026/7/10,
100000622478,2,2026/8/27,
100000622304,2,2026/7/10,
100000622305,6,2026/7/10,
100000622091,3,2026/7/10,
100000622092,6,2026/7/10,
100000622093,3,2026/7/27,
100000450102,2,2026/7/30,
100000469652,2,2026/7/30,
100000485299,1,2026/7/26,
100000622095,6,2026/7/10,
100000622096,2,2026/7/27,
100000465098,1,2026/7/12,
100000553661,1,2026/7/15,
100000553690,1,2026/7/15,
100000566561,1,2026/7/19,
100000597506,1,2026/7/31,
100000647149,1,2026/7/26,
100000553701,1,2026/7/16,
100000597529,1,2026/7/31,
100000629169,1,2026/8/3,
100000647160,1,2026/8/4,
100000322774,1,2026/7/10,
100000322776,1,2026/7/10,
100000322767,1,2026/7/11,
100000322768,1,2026/7/11,
100000323057,1,2026/7/12,
100000322773,1,2026/7/12,
100000322775,1,2026/7/13,
100000322770,1,2026/7/13,
100000322771,1,2026/7/14,
100000322772,1,2026/7/14,
100000465149,1,2026/7/15,
100000550306,1,2026/7/15,
100000550307,1,2026/7/16,
100000550308,1,2026/7/16,
100000550309,1,2026/7/17,
100000550310,1,2026/7/17,
100000550311,1,2026/7/18,
100000550312,1,2026/7/18,
100000550313,1,2026/7/19,
100000550314,1,2026/7/19,
100000550315,1,2026/7/20,
100000551030,1,2026/7/20,
100000551032,1,2026/7/21,
100000551034,1,2026/7/21,
100000551036,1,2026/7/22,
100000551038,1,2026/7/22,
100000551040,1,2026/7/23,
100000551042,1,2026/7/23,
100000551044,1,2026/7/24,
100000551046,1,2026/7/24,
100000551048,1,2026/7/25,
100000323267,1,2026/7/25,
100000388078,1,2026/7/26,
100000388079,1,2026/7/26,
100000388081,1,2026/7/27,
100000388082,1,2026/7/27,
100000388083,1,2026/7/28,
100000388084,1,2026/7/28,
100000388085,1,2026/7/29,
100000449884,1,2026/7/29,
100000449885,1,2026/7/30,
100000449886,1,2026/7/30,
100000449887,1,2026/7/31,
100000449888,1,2026/7/31,
100000449889,1,2026/8/1,
100000449890,1,2026/8/1,
100000449891,1,2026/8/2,
100000449892,1,2026/8/2,
100000449893,1,2026/8/3,
100000449894,1,2026/8/3,
100000449895,1,2026/8/4,
100000502107,1,2026/8/4,
100000502109,1,2026/8/5,
100000502110,1,2026/8/5,
100000502111,1,2026/8/6,
100000549572,1,2026/8/6,
100000549573,1,2026/8/7,
100000549574,1,2026/8/7,
100000549575,1,2026/8/8,
100000514589,1,2026/8/8,
100000514789,1,2026/8/9,
100000514897,1,2026/8/9,
100000514964,1,2026/8/10,
100000515013,1,2026/8/10,
100000515153,1,2026/8/11,
100000531974,1,2026/8/11,
100000549792,1,2026/8/12,
100000549793,1,2026/8/12,
100000549794,1,2026/8/13,
100000549795,1,2026/8/13,
100000549796,1,2026/8/14,
100000514615,1,2026/8/14,
100000532098,1,2026/8/15,
100000549747,1,2026/8/15,
100000540419,1,2026/8/16,
100000540421,1,2026/8/16,
100000540423,1,2026/8/17,
100000540424,1,2026/8/17,
100000541019,1,2026/8/18,
100000541021,1,2026/8/18,
100000541023,1,2026/8/19,
100000541025,1,2026/8/19,
100000541027,1,2026/8/20,
100000009313,1,2026/8/21,
100000449640,1,2026/6/29,
100000338792,1,2026/6/29,
100000339025,1,2026/6/29,
100000431204,1,2026/6/29,
100000387668,1,2026/6/30,
100000414595,1,2026/6/30,
100000430791,1,2026/7/1,
100000430792,1,2026/7/1,
100000430793,1,2026/6/29,
100000338793,1,2026/6/29,
100000431052,1,2026/7/3,
100000550266,1,2026/7/6,
100000550267,1,2026/7/4,
100000550268,1,2026/7/4,
100000550269,1,2026/7/5,
100000550270,1,2026/7/5,
100000550271,1,2026/7/6,
100000550272,1,2026/7/6,
100000550273,1,2026/7/7,
100000550274,1,2026/7/7,
100000550275,1,2026/7/8,
100000551351,1,2026/7/8,
100000551353,1,2026/7/9,
100000551355,1,2026/7/9,
100000551357,1,2026/7/10,
100000551359,1,2026/7/10,
100000551361,1,2026/7/11,
100000551363,1,2026/7/11,
100000551365,1,2026/7/12,
100000387669,1,2026/7/12,
100000449639,1,2026/7/13,
100000449641,1,2026/7/13,
100000225319,1,2026/7/14,
100000254926,1,2026/7/14,
100000257150,1,2026/7/15,
100000338796,1,2026/7/15,
100000338797,1,2026/7/16,
100000338798,1,2026/7/16,
100000338799,1,2026/7/17,
100000338800,1,2026/7/17,
100000338801,1,2026/7/18,
100000338802,1,2026/7/18,
100000338488,1,2026/7/19,
100000338489,1,2026/7/19,
100000338490,1,2026/7/20,
100000338491,1,2026/7/20,
100000339024,1,2026/7/21,
100000387577,1,2026/7/21,
100000387582,1,2026/7/22,
100000431205,1,2026/7/22,
100000431207,1,2026/7/23,
100000449797,1,2026/7/23,
100000449798,1,2026/7/24,
100000449799,1,2026/7/24,
100000449800,1,2026/7/25,
100000449801,1,2026/7/25,
100000449802,1,2026/7/26,
100000449803,1,2026/7/26,
100000449804,1,2026/7/27,
100000449805,1,2026/7/27,
100000449806,1,2026/7/28,
100000450196,1,2026/7/28,
100000450197,1,2026/7/29,
100000502118,1,2026/7/29,
100000502119,1,2026/7/30,
100000502120,1,2026/7/30,
100000502121,1,2026/7/31,
100000550924,1,2026/7/31,
100000550926,1,2026/8/1,
100000550928,1,2026/8/1,
100000550930,1,2026/8/2,
100000514297,1,2026/8/2,
100000514421,1,2026/8/3,
100000514495,1,2026/8/3,
100000514861,1,2026/8/4,
100000515092,1,2026/8/4,
100000515114,1,2026/8/5,
100000531970,1,2026/8/5,
100000549728,1,2026/8/6,
100000549729,1,2026/8/6,
100000549730,1,2026/8/7,
100000549731,1,2026/8/7,
100000540517,1,2026/8/8,
100000540519,1,2026/8/8,
100000540521,1,2026/8/9,
100000540586,1,2026/8/9,
100000540588,1,2026/8/10,
100000540590,1,2026/8/10,
100000540592,1,2026/8/11,
100000540594,1,2026/8/11,
100000540596,1,2026/8/12,
100000540598,1,2026/8/12,
100000540600,1,2026/8/13,
100000388097,1,2026/7/3,
100000430787,1,2026/7/20,
100000455833,1,2026/7/6,
100000465088,1,2026/7/25,
100000449850,1,2026/7/15,
100000449963,1,2026/7/20,
100000502131,1,2026/7/19,
100000549508,1,2026/7/14,
100000549510,1,2026/7/14,
100000549511,1,2026/7/21,
100000549512,1,2026/7/21,
100000549513,1,2026/7/1,
100000549514,1,2026/7/1,
100000449964,1,2026/7/20,
100000449969,1,2026/7/23,
100000549509,1,2026/7/14,
100000540671,1,2026/7/5,
100000540673,1,2026/7/5,
100000540677,1,2026/7/6,
100000502133,1,2026/7/26,
100000449968,1,2026/7/23,
100000502132,1,2026/7/23,
100000502135,1,2026/7/26,
100000514382,1,2026/7/26,
100000514639,1,2026/7/30,
100000514660,1,2026/7/30,
100000514743,1,2026/7/30,
100000514700,1,2026/7/30,
100000532099,1,2026/7/30,
100000515001,1,2026/7/15,
100000531977,1,2026/7/30,
100000549515,1,2026/8/2,
100000430788,1,2026/7/23,
100000449546,1,2026/7/23,
100000449547,1,2026/7/23,
100000388093,1,2026/7/17,
100000388094,1,2026/7/17,
100000514540,1,2026/7/30,
100000540656,1,2026/7/30,
100000540658,1,2026/7/30,
100000540660,1,2026/7/30,
100000540662,1,2026/7/30,
100000540664,1,2026/7/30,
100000540666,1,2026/7/30,
100000540668,1,2026/7/30,
100000540669,1,2026/7/30,
100000549530,1,2026/8/2,
100000549531,1,2026/8/2,
100000549532,1,2026/7/7,
100000549533,1,2026/7/7,
100000549534,1,2026/7/7,
100000549535,1,2026/7/8,
100000549536,1,2026/7/8,
100000549537,1,2026/7/8,
100000549538,1,2026/7/9,
100000549539,1,2026/7/9,
100000549540,1,2026/7/9,
100000549541,1,2026/7/10,
100000629149,1,2026/8/5,
100000629150,1,2026/8/5,
100000629151,1,2026/8/5,
100000629152,1,2026/8/5,
100000629153,1,2026/8/5,
100000656510,1,2026/8/9,
100000659558,1,2026/8/9,
800000006415,1,2026/7/6,
100000070180,1,2026/6/29,
100000070182,1,2026/6/29,
100000184641,1,2026/6/29,
100000255987,1,2026/6/29,
100000427599,1,2026/6/29,
100000069460,1,2026/6/29,
100000255705,1,2026/6/29,
100000033331,1,2026/6/29,
100000033326,1,2026/6/29,
100000427611,1,2026/6/29,
100000032979,1,2026/6/30,
100000182586,1,2026/6/30,
100000161830,1,2026/6/30,
100000033306,1,2026/6/30,
100000070425,1,2026/7/1,
100000069457,1,2026/7/1,
100000184712,1,2026/6/29,
100000033314,1,2026/6/29,
100000033321,1,2026/6/29,
100000070527,1,2026/7/3,
100000070256,1,2026/7/3,
100000070533,1,2026/7/3,
100000184643,1,2026/7/4,
800000006451,1,2026/7/4,
100000070175,1,2026/7/4,
100000161832,1,2026/7/5,
100000069455,1,2026/7/5,
800000006446,1,2026/7/5,
100000033310,1,2026/7/6,
100000184642,1,2026/7/6,
100000033312,1,2026/7/6,
100000070257,1,2026/7/7,
800000006429,1,2026/7/7,
100000069456,1,2026/7/7,
100000437880,1,2026/7/8,
100000254880,1,2026/7/8,
100000263948,1,2026/7/8,
100000256522,1,2026/7/9,
100000255774,1,2026/7/9,
800000006441,1,2026/7/9,
100000256849,1,2026/7/10,
100000163826,1,2026/7/10,
100000255512,1,2026/7/10,
100000238773,1,2026/7/11,
100000255231,1,2026/7/11,
100000427261,1,2026/7/11,
800000006435,1,2026/7/12,
800000006440,1,2026/7/12,
800000006426,1,2026/7/12,
100000182589,1,2026/7/13,
100000427607,1,2026/7/13,
100000437884,1,2026/7/13,
100000437885,1,2026/7/14,
800000006456,1,2026/7/14,
100000194024,1,2026/7/14,
100000449530,1,2026/7/15,
100000437881,1,2026/7/15,
100000256290,1,2026/7/15,
100000437887,1,2026/7/16,
100000449538,1,2026/7/16,
100000437882,1,2026/7/16,
100000437886,1,2026/7/17,
100000257017,1,2026/7/17,
100000437883,1,2026/7/17,
100000449537,1,2026/7/18,
100000449539,1,2026/7/18,
100000449531,1,2026/7/18,
100000449532,1,2026/7/19,
100000449533,1,2026/7/19,
100000449534,1,2026/7/19,
100000449535,1,2026/7/20,
100000449536,1,2026/7/20,
100000449560,1,2026/7/20,
100000449561,1,2026/7/21,
100000449562,1,2026/7/21,
100000449563,1,2026/7/21,
100000449564,1,2026/7/22,
100000449565,1,2026/7/22,
100000449566,1,2026/7/22,
100000449567,1,2026/7/23,
100000449568,1,2026/7/23,
100000449569,1,2026/7/23,
100000437998,1,2026/7/24,
100000437999,1,2026/7/24,
100000438098,1,2026/7/24,
100000438099,1,2026/7/25,
100000438100,1,2026/7/25,
100000438101,1,2026/7/25,
100000444524,1,2026/7/26,
100000444525,1,2026/7/26,
100000444526,1,2026/7/26,
100000449571,1,2026/7/27,
100000449572,1,2026/7/27,
100000449573,1,2026/7/27,
100000449574,1,2026/7/28,
100000449575,1,2026/7/28,
100000449576,1,2026/7/28,
100000469819,1,2026/7/29,
100000469820,1,2026/7/29,
100000470146,1,2026/7/29,
100000470147,1,2026/7/30,
100000470148,1,2026/7/30,
100000470149,1,2026/7/30,
100000485232,1,2026/7/30,
100000485233,1,2026/7/31,
100000485234,1,2026/7/31,
100000485235,1,2026/7/31,
100000485236,1,2026/8/1,
100000485237,1,2026/8/1,
100000502209,1,2026/8/1,
100000502210,1,2026/8/2,
100000502211,1,2026/8/2,
100000502212,1,2026/8/2,
100000502213,1,2026/8/3,
100000502214,1,2026/8/3,
100000502512,1,2026/8/3,
100000502513,1,2026/8/4,
100000502514,1,2026/8/4,
100000502515,1,2026/8/4,
100000502516,1,2026/8/5,
100000502517,1,2026/8/5,
100000507827,1,2026/8/5,
100000507828,1,2026/8/6,
100000507829,1,2026/8/6,
100000507830,1,2026/8/6,
100000507831,1,2026/8/7,
100000507832,1,2026/8/7,
100000449695,1,2026/8/7,
100000449696,1,2026/8/8,
100000449697,1,2026/8/8,
100000449698,1,2026/8/8,
100000470153,1,2026/8/9,
100000470154,1,2026/8/9,
100000469869,1,2026/8/9,
100000470049,1,2026/8/10,
100000470050,1,2026/8/10,
100000470051,1,2026/8/10,
100000470052,1,2026/8/11,
100000470053,1,2026/8/11,
100000469870,1,2026/8/11,
100000469871,1,2026/8/12,
100000469872,1,2026/8/12,
100000469873,1,2026/8/12,
100000469874,1,2026/8/13,
100000469875,1,2026/8/13,
100000469876,1,2026/8/13,
100000469877,1,2026/8/14,
100000469878,1,2026/8/14,
100000469879,1,2026/8/14,
100000485405,1,2026/8/15,
100000485406,1,2026/8/15,
100000485407,1,2026/8/15,
100000485408,1,2026/8/16,
100000485409,1,2026/8/16,
100000502157,1,2026/8/16,
100000502158,1,2026/8/17,
100000502159,1,2026/8/17,
100000502542,1,2026/8/17,
100000502543,1,2026/8/18,
100000502544,1,2026/8/18,
100000514242,1,2026/8/18,
100000514289,1,2026/8/19,
100000514355,1,2026/8/19,
100000514543,1,2026/8/19,
100000514710,1,2026/8/20,
100000514798,1,2026/8/20,
100000514937,1,2026/8/20,
100000515141,1,2026/8/21,
100000616254,1,2026/8/21,
100000616257,1,2026/8/21,
100000616259,1,2026/8/22,
100000616262,1,2026/8/22,
100000616265,1,2026/8/22,
100000540275,1,2026/8/23,
100000540276,1,2026/8/23,
100000540373,1,2026/8/23,
100000540374,1,2026/8/24,
100000540375,1,2026/8/24,
100000540376,1,2026/8/24,
100000540377,1,2026/8/25,
100000540378,1,2026/8/25,
100000540380,1,2026/8/25,
100000562140,1,2026/8/26,
100000616528,1,2026/8/26,
100000616531,1,2026/8/26,
100000616534,1,2026/8/27,
100000616537,1,2026/8/27,
100000616539,1,2026/8/27,
100000616542,1,2026/8/28,
100000616545,1,2026/8/28,
100000616548,1,2026/8/28,
100000616551,1,2026/8/29,
100000622158,1,2026/8/29,
100000622159,1,2026/8/29,
100000622171,1,2026/8/30,
100000558469,1,2026/8/30,
100000558472,1,2026/8/30,
100000558475,1,2026/8/31,
100000558478,1,2026/8/31,
100000562019,1,2026/8/31,
100000562020,1,2026/8/2,
100000562022,1,2026/8/2,
100000562024,1,2026/8/2,
100000616779,1,2026/8/2,
100000616781,1,2026/8/3,
100000616783,1,2026/8/3,
100000616786,1,2026/8/3,
100000622160,1,2026/8/4,
100000622161,1,2026/8/4,
100000622162,1,2026/8/4,
100000622163,1,2026/8/5,
100000568004,1,2026/8/5,
100000568085,1,2026/8/5,
100000568087,1,2026/8/6,
100000568089,1,2026/8/6,
100000568092,1,2026/8/6,
100000568094,1,2026/8/7,
100000568097,1,2026/8/7,
100000568100,1,2026/8/7,
100000568103,1,2026/8/8,
100000568106,1,2026/8/8,
100000568109,1,2026/8/8,
100000616566,1,2026/8/9,
100000616569,1,2026/8/9,
100000616572,1,2026/8/9,
100000616575,1,2026/8/10,
100000616798,1,2026/8/10,
100000616801,1,2026/8/10,
100000616803,1,2026/8/11,
100000616807,1,2026/8/11,
100000616811,1,2026/8/11,
100000616815,1,2026/8/12,
100000616818,1,2026/8/12,
100000622140,1,2026/8/12,
100000622141,1,2026/8/13,
100000622142,1,2026/8/13,
100000622143,1,2026/8/13,
100000622144,1,2026/8/14,
100000622145,1,2026/8/14,
100000622146,1,2026/8/14,
100000622147,1,2026/8/15,
100000622164,1,2026/8/15,
100000622165,1,2026/8/15,
100000622166,1,2026/8/16,
100000622112,1,2026/8/16,
100000622113,1,2026/8/16,
100000622114,1,2026/8/17,
100000622115,1,2026/8/17,
100000622116,1,2026/8/17,
100000622117,1,2026/8/18,
100000622118,1,2026/8/18,
100000622119,1,2026/8/18,
100000622120,1,2026/8/19,
100000622149,1,2026/8/19,
100000622150,1,2026/8/19,
100000622151,1,2026/8/20,
100000622152,1,2026/8/20,
100000622192,1,2026/8/20,
100000622193,1,2026/8/21,
100000622194,1,2026/8/21,
100000622195,1,2026/8/21,
100000622196,1,2026/8/22,
100000622197,1,2026/8/22,
100000622198,1,2026/8/22,
100000622199,1,2026/8/23,
100000622200,1,2026/8/23,
100000622318,1,2026/8/23,
100000622319,1,2026/8/24,
100000622320,1,2026/8/24,
100000622321,1,2026/8/24,
100000622322,1,2026/8/25,
100000622323,1,2026/8/25,
100000622324,1,2026/8/25,
100000622325,1,2026/8/26,
100000622326,1,2026/8/26,
100000622434,1,2026/8/26,
100000622435,1,2026/8/27,
100000622436,1,2026/8/27,
100000622437,1,2026/8/27,
100000622438,1,2026/8/28,
100000622439,1,2026/8/28,
100000622440,1,2026/8/28,
100000622441,1,2026/8/29,
100000622442,1,2026/8/29,
100000625774,1,2026/8/29,
100000625775,1,2026/8/30,
100000625776,1,2026/8/30,
100000625777,1,2026/8/30,
100000625778,1,2026/8/31,
100000625779,1,2026/8/31,
100000625780,1,2026/8/31,
100000625912,1,2026/9/5,
100000625913,1,2026/9/5,
100000625915,1,2026/9/5,
100000625916,1,2026/9/5,
100000625917,1,2026/9/5,
100000625919,1,2026/9/5,
100000625920,1,2026/9/5,
100000625921,1,2026/9/5,
100000625923,1,2026/9/5,
100000625924,1,2026/9/5,
100000625925,1,2026/9/5,
100000625927,1,2026/9/5,
100000625928,1,2026/9/5,
100000647324,1,2026/9/5,
100000647351,1,2026/9/5,
100000647352,1,2026/9/5,
100000647353,1,2026/9/5,
100000647354,1,2026/9/5,
100000647355,1,2026/9/5,
100000647356,1,2026/9/5,
100000647357,1,2026/9/5,
100000647358,1,2026/9/5,
100000647359,1,2026/9/5,
100000647360,1,2026/9/5,
100000647361,1,2026/9/5,
100000008408,1,2026/9/5,
100000008787,1,2026/9/5,
100000008401,1,2026/9/5,
100000009070,1,2026/9/5,
100000009050,1,2026/9/5,
100000008792,1,2026/9/5,
100000008767,1,2026/9/5,
600000000160,1,2026/9/5,
100000526645,6,2026/6/29,
100000526830,2,2026/7/7,
100000526734,2,2026/7/7,
100000206219,1,2026/7/3,
100000527003,2,2026/7/7,
100000526829,6,2026/6/29,
100000526951,6,2026/8/6,
100000527006,5,2026/8/7,
800000006689,1,2026/7/10,
100000527061,3,2026/7/16,
100000526676,6,2026/7/7,
100000526580,4,2026/6/29,
100000193776,2,2026/6/29,
800000006678,1,2026/7/2,
800000006679,1,2026/7/2,
100000526601,6,2026/7/8,
100000526794,5,2026/7/9,
100000526570,6,2026/7/4,
100000526826,6,2026/7/31,
100000526949,6,2026/8/4,
100000573890,5,2026/7/11,
600000001368,1,2026/7/7,
200000003443,1,2026/7/3,
600000001494,1,2026/6/29,
600000001493,1,2026/8/11,
100000526529,6,2026/7/14,
100000526690,6,2026/7/14,
100000526691,6,2026/7/8,
100000526571,6,2026/7/5,
100000526572,6,2026/7/7,
100000526579,6,2026/7/14,
100000526727,6,2026/7/17,
100000526728,6,2026/7/18,
100000526730,6,2026/7/21,
100000526731,6,2026/7/22,
100000526732,6,2026/7/24,
100000526733,6,2026/7/25,
100000526828,6,2026/8/2,
100000526935,6,2026/8/2,
100000526950,6,2026/8/6,
100000527001,6,2026/8/6,
100000527002,6,2026/8/9,
100000616248,6,2026/8/4,
100000616251,5,2026/8/11,
100000629055,6,2026/8/11,
100000629056,6,2026/8/11,
100000629057,6,2026/8/11,
100000629058,6,2026/8/11,
100000629059,6,2026/8/11,
100000629060,6,2026/8/11,
100000629061,6,2026/8/10,
100000527005,6,2026/8/9,
100000616554,2,2026/8/11,
100000573884,6,2026/8/23,
100000573887,6,2026/8/4,
100000601103,2,2026/8/4,
100000616714,6,2026/8/11,
100000616718,6,2026/8/11,
100000616721,5,2026/8/11,
100000377322,3,2026/7/14,
100000259883,1,2026/7/14,
100000259709,1,2026/6/29,
100000490768,2,2026/7/23,
100000427292,2,2026/6/29,
100000527014,3,2026/6/29,
800000011898,2,2026/7/18,
100000553642,5,2026/7/21,
100000589370,2,2026/7/30,
100000659551,2,2026/7/28,
100000479592,1,2026/7/9,
600000001263,1,2026/7/4,
800000012579,1,2026/7/5,
800000012580,1,2026/7/5,
800000012581,1,2026/7/6,
100000549660,1,2026/7/7,
100000430920,1,2026/7/20,
100000485326,1,2026/7/20,
100000551126,4,2026/8/6,
100000550228,4,2026/8/18,
100000550032,1,2026/8/31,
800000012578,1,2026/7/4,
100000622110,4,2026/8/13,
100000437817,1,2026/7/3,
100000431170,5,2026/7/3,
100000431171,1,2026/7/3,
800000014365,1,2026/8/11,
800000014366,1,2026/8/11,
800000014367,1,2026/8/11,
800000014368,1,2026/8/11,
100000622028,5,2026/8/2,
100000622029,3,2026/8/13,
800000005553,1,2026/7/7,
800000005529,1,2026/7/6,
800000005544,1,2026/7/4,
800000010225,1,2026/7/15,
800000010231,1,2026/6/29,
800000010220,1,2026/7/25,
800000010228,1,2026/7/25,
800000010233,1,2026/7/15,
800000010234,1,2026/7/23,
800000010235,1,2026/8/15,
800000010236,1,2026/8/14,
800000010237,1,2026/8/12,
800000010238,1,2026/8/11,
800000010239,1,2026/8/10,
800000010240,1,2026/8/17,
800000010241,1,2026/7/28,
800000010242,1,2026/8/8,
800000010243,1,2026/7/30,
800000010244,1,2026/7/31,
800000010245,1,2026/8/1,
800000010246,1,2026/8/2,
800000010247,1,2026/8/3,
100000549736,1,2026/7/8,
100000549743,1,2026/7/9,
100000549744,1,2026/7/10,
100000549745,1,2026/7/11,
100000549746,1,2026/7/12,
100000550478,1,2026/7/13,
100000550481,1,2026/7/14,
100000532253,1,2026/7/15,
100000532254,1,2026/7/16,
100000550166,1,2026/7/17,
100000550169,1,2026/7/18,
100000532256,1,2026/7/19,
100000532257,1,2026/7/20,
100000550483,1,2026/7/21,
100000550485,1,2026/7/22,
100000532135,1,2026/7/23,
100000532136,1,2026/7/24,
100000550487,1,2026/7/25,
100000550489,1,2026/7/26,
100000537678,1,2026/7/27,
100000537679,1,2026/7/28,
100000549814,1,2026/7/29,
100000549815,1,2026/7/30,
100000663226,1,2026/8/15,
100000663228,1,2026/8/15,
100000347778,1,2026/7/20,
100000519876,1,2026/7/15,
100000519483,1,2026/7/25,
100000517993,1,2026/7/14,
100000519684,1,2026/7/21,
100000521988,1,2026/7/20,
100000519929,1,2026/7/15,
100000521779,1,2026/7/20,
100000522068,1,2026/7/20,
100000522754,1,2026/7/20,
100000518356,1,2026/7/5,
100000519528,1,2026/7/5,
100000519925,1,2026/7/25,
100000520942,1,2026/7/25,
100000520662,1,2026/7/4,
100000521403,1,2026/7/4,
100000519241,1,2026/7/5,
100000520012,1,2026/7/4,
100000518767,1,2026/7/5,
100000531994,1,2026/7/11,
100000532058,1,2026/7/14,
100000427412,1,2026/7/14,
100000522303,1,2026/7/15,
100000521444,1,2026/7/25,
100000522589,1,2026/7/25,
100000518158,1,2026/7/5,
100000550130,1,2026/8/11,
100000550131,1,2026/8/3,
100000521897,1,2026/7/25,
100000522307,1,2026/7/25,
100000522338,1,2026/7/25,
100000549544,1,2026/7/25,
100000549545,1,2026/7/25,
100000549546,1,2026/8/1,
100000549547,1,2026/8/1,
100000550450,1,2026/8/3,
100000550452,1,2026/8/10,
100000522281,1,2026/7/4,
100000522939,1,2026/7/11,
100000526998,1,2026/7/11,
100000551590,1,2026/8/10,
100000526959,1,2026/7/11,
100000549737,1,2026/8/11,
100000531995,1,2026/7/11,
100000532059,1,2026/7/14,
100000549597,1,2026/8/24,
100000549598,1,2026/8/4,
100000549599,1,2026/8/4,
100000549749,1,2026/8/11,
100000540790,1,2026/7/18,
100000540792,1,2026/8/14,
100000540794,1,2026/8/14,
100000540796,1,2026/8/14,
100000540798,1,2026/8/14,
100000540800,1,2026/8/14,
100000549644,1,2026/8/4,
100000549645,1,2026/8/4,
100000550174,1,2026/8/13,
100000550176,1,2026/8/13,
100000550178,1,2026/8/13,
100000656494,1,2026/8/10,
100000250391,3,2026/7/4,
100000430831,2,2026/7/6,
100000430961,5,2026/7/10,
100000347765,3,2026/7/5,
100000323307,1,2026/7/19,
100000033289,1,2026/7/25,
100000551118,5,2026/7/31,
100000551120,5,2026/8/11,
100000551122,5,2026/8/20,
100000551124,5,2026/7/19,
100000437929,2,2026/7/4,
100000444501,2,2026/7/4,
100000532092,1,2026/7/6,
100000550129,1,2026/7/25,
100000550245,2,2026/7/31,
100000444506,5,2026/7/6,
100000444507,1,2026/7/6,
100000549549,4,2026/7/25,
100000549523,1,2026/7/25,
100000437951,1,2026/8/2,
100000549659,2,2026/8/21,
100000659354,1,2026/8/15,
100000430830,2,2026/6/29,
100000437819,2,2026/6/29,
100000502224,1,2026/7/10,
100000430892,2,2026/6/29,
100000502232,2,2026/6/29,
100000430835,2,2026/6/29,
100000502146,1,2026/6/29,
100000430968,1,2026/6/29,
100000438031,1,2026/6/29,
100000485327,1,2026/6/29,
100000549956,5,2026/7/14,
100000549957,4,2026/7/27,
100000502180,2,2026/7/18,
100000502187,1,2026/7/22,
100000502206,4,2026/7/22,
100000550229,4,2026/7/25,
100000431038,1,2026/7/12,
100000502207,4,2026/7/30,
100000430979,4,2026/7/12,
100000549813,1,2026/8/3,
100000656479,3,2026/8/15,
100000656495,5,2026/8/15,
100000656496,5,2026/8/15,
100000659362,1,2026/8/15,
100000161709,1,2026/7/20,
100000430969,1,2026/7/6,
100000069847,1,2026/7/19,
100000224044,1,2026/7/19,
100000067125,1,2026/7/6,
100000430971,1,2026/7/6,
100000068798,1,2026/7/3,
100000338714,1,2026/7/3,
100000430972,1,2026/7/6,
100000430958,1,2026/7/15,
100000108960,1,2026/7/20,
100000531932,1,2026/7/11,
100000431044,1,2026/7/25,
100000531934,1,2026/7/11,
100000224043,1,2026/7/6,
100000430959,1,2026/7/19,
100000431042,1,2026/7/19,
100000431043,1,2026/7/25,
100000431131,1,2026/7/25,
100000431132,1,2026/7/25,
100000437852,1,2026/7/15,
100000438120,1,2026/7/15,
100000438121,1,2026/7/23,
100000431130,1,2026/7/25,
100000431133,1,2026/7/25,
100000531931,1,2026/8/3,
100000550234,1,2026/8/6,
100000531937,1,2026/7/11,
100000531939,1,2026/7/11,
100000531941,1,2026/7/18,
100000531943,1,2026/7/18,
100000550439,1,2026/8/6,
100000550441,1,2026/8/6,
100000550443,1,2026/8/16,
100000550446,1,2026/8/16,
100000541038,1,2026/7/24,
100000541040,1,2026/7/24,
100000541042,1,2026/7/24,
100000541044,1,2026/7/24,
100000541046,1,2026/7/24,
100000541048,1,2026/7/27,
100000656474,1,2026/8/10,
100000656475,1,2026/8/10,
100000656476,1,2026/8/10,
100000656497,1,2026/8/10,
100000656498,1,2026/8/10,
100000656499,1,2026/8/10,
100000656500,1,2026/8/10,
100000437904,1,2026/8/1,
100000338703,1,2026/8/1,
100000033343,1,2026/8/2,
100000414452,1,2026/8/2,
100000414488,1,2026/8/3,
100000430857,1,2026/8/3,
100000430874,1,2026/8/4,
100000430875,1,2026/8/4,
100000430876,1,2026/8/5,
100000264203,1,2026/8/5,
100000338940,1,2026/8/6,
100000338941,1,2026/8/6,
100000306927,1,2026/8/7,
100000338702,1,2026/8/7,
100000347588,1,2026/8/8,
100000338718,1,2026/8/8,
100000339007,1,2026/8/9,
100000430877,1,2026/8/9,
100000371913,1,2026/8/10,
100000371914,1,2026/8/10,
100000414811,1,2026/8/11,
100000437905,1,2026/8/11,
100000437906,1,2026/8/12,
100000437907,1,2026/8/12,
100000437908,1,2026/8/13,
100000214810,1,2026/8/13,
100000214812,1,2026/8/14,
100000414601,1,2026/8/14,
100000414602,1,2026/8/15,
100000431034,1,2026/8/15,
100000550230,1,2026/8/16,
100000550231,1,2026/8/16,
100000550232,1,2026/8/17,
100000550435,1,2026/8/17,
100000550437,1,2026/8/18,
100000551160,1,2026/8/18,
100000551162,1,2026/8/19,
100000438109,1,2026/8/19,
100000485239,1,2026/8/20,
100000502099,1,2026/8/20,
100000514371,1,2026/8/21,
100000514949,1,2026/8/21,
100000514925,1,2026/8/22,
100000437909,1,2026/8/22,
100000214814,1,2026/8/23,
100000532236,1,2026/8/23,
100000532237,1,2026/8/24,
100000531975,1,2026/8/24,
100000514990,1,2026/8/25,
100000531976,1,2026/8/25,
100000550233,1,2026/8/26,
100000550771,1,2026/8/26,
100000550773,1,2026/8/27,
100000551586,1,2026/8/27,
100000551588,1,2026/8/28,
100000549805,1,2026/8/28,
100000549806,1,2026/8/29,
100000532071,1,2026/8/29,
100000532072,1,2026/8/30,
100000549600,1,2026/8/30,
100000549601,1,2026/8/31,
100000549602,1,2026/8/31,
100000549603,1,2026/8/2,
100000549604,1,2026/8/2,
100000549605,1,2026/8/3,
100000532246,1,2026/8/3,
100000532247,1,2026/8/4,
100000532248,1,2026/8/4,
100000532249,1,2026/8/5,
100000532250,1,2026/8/5,
100000532251,1,2026/8/6,
100000549606,1,2026/8/6,
100000550154,1,2026/8/7,
100000550157,1,2026/8/7,
100000550159,1,2026/8/8,
100000550162,1,2026/8/8,
100000550164,1,2026/8/9,
100000537734,1,2026/8/9,
100000656350,1,2026/8/10,
100000656511,1,2026/8/10,
100000033202,3,2026/7/6,
100000437957,4,2026/8/10,
100000437958,4,2026/8/10,
100000526689,1,2026/8/10,
100000438030,1,2026/7/5,
100000033344,2,2026/7/5,
100000033407,2,2026/7/5,
100000033409,1,2026/7/5,
100000427395,6,2026/6/29,
100000238798,6,2026/7/9,
100000069389,2,2026/7/3,
100000204365,8,2026/7/14,
100000450045,2,2026/7/30,
100000470046,2,2026/7/30,
100000485302,1,2026/7/26,
100000622065,6,2026/7/10,
100000622066,2,2026/7/27,
800000012215,1,2026/7/14,
100000531896,1,2026/7/14,
800000012213,1,2026/6/29,
800000012219,1,2026/7/20,
800000012220,1,2026/7/20,
100000531930,1,2026/7/5,
100000531956,1,2026/7/14,
100000532083,1,2026/7/18,
800000012211,1,2026/7/14,
100000531892,1,2026/7/14,
100000531928,1,2026/7/14,
100000531929,1,2026/7/14,
100000531957,1,2026/7/14,
800000012208,1,2026/7/7,
800000012209,1,2026/7/7,
800000012210,1,2026/7/5,
800000012216,1,2026/7/15,
800000012217,1,2026/7/15,
800000012218,1,2026/7/15,
800000012221,1,2026/7/20,
800000012222,1,2026/7/20,
800000012223,1,2026/7/20,
800000012224,1,2026/7/20,
800000012225,1,2026/7/23,
800000012226,1,2026/7/23,
100000531885,1,2026/7/5,
100000531886,1,2026/7/18,
100000532108,1,2026/7/19,
100000531890,1,2026/7/19,
100000531891,1,2026/7/18,
100000531893,1,2026/7/18,
100000531894,1,2026/7/18,
100000531955,1,2026/7/16,
100000531958,1,2026/7/5,
100000531959,1,2026/7/16,
100000531960,1,2026/7/6,
100000531961,1,2026/7/16,
100000531963,1,2026/7/15,
100000531964,1,2026/7/6,
100000532082,1,2026/7/15,
100000540305,1,2026/7/21,
100000540306,1,2026/7/21,
100000540307,1,2026/7/21,
100000540308,1,2026/7/1,
100000540309,1,2026/7/1,
100000540310,1,2026/7/1,
100000540311,1,2026/6/29,
100000540312,1,2026/6/29,
100000540313,1,2026/6/29,
100000540314,1,2026/7/3,
100000540315,1,2026/7/3,
100000540316,1,2026/7/3,
100000540319,1,2026/7/4,
100000540320,1,2026/7/4,
100000540321,1,2026/7/4,
100000540323,1,2026/7/5,
100000540324,1,2026/7/5,
100000540460,1,2026/7/7,
100000540502,1,2026/7/10,
100000540504,1,2026/7/10,
100000549677,1,2026/7/11,
100000549681,1,2026/7/13,
100000549682,1,2026/7/13,
100000549683,1,2026/7/13,
100000549684,1,2026/7/14,
100000549685,1,2026/7/14,
100000549686,1,2026/7/14,
100000549687,1,2026/7/15,
100000549688,1,2026/7/15,
100000549689,1,2026/7/15,
100000549690,1,2026/7/16,
100000549691,1,2026/7/16,
100000549692,1,2026/7/16,
100000540506,1,2026/7/19,
100000562338,1,2026/7/19,
100000562340,1,2026/7/20,
100000562341,1,2026/7/20,
100000562379,1,2026/7/20,
100000549675,1,2026/7/11,
100000540462,1,2026/7/8,
100000540464,1,2026/7/8,
100000549674,1,2026/7/10,
100000549676,1,2026/7/11,
100000549678,1,2026/7/12,
100000549679,1,2026/7/12,
100000551498,1,2026/7/17,
100000551500,1,2026/7/17,
100000551502,1,2026/7/17,
100000540365,1,2026/7/27,
100000540366,1,2026/7/27,
100000540367,1,2026/7/27,
100000540322,1,2026/7/5,
100000540451,1,2026/7/6,
100000540453,1,2026/7/6,
100000540455,1,2026/7/6,
100000540457,1,2026/7/7,
100000540458,1,2026/7/7,
100000540466,1,2026/7/8,
100000540468,1,2026/7/9,
100000540470,1,2026/7/9,
100000540471,1,2026/7/9,
100000549680,1,2026/7/12,
100000551504,1,2026/7/18,
100000551506,1,2026/7/18,
100000551508,1,2026/7/18,
100000561894,1,2026/7/19,
100000562381,1,2026/7/21,
100000562382,1,2026/7/21,
100000562384,1,2026/7/21,
100000562386,1,2026/7/21,
100000562388,1,2026/7/22,
100000562390,1,2026/7/22,
100000597713,1,2026/7/22,
100000598099,1,2026/7/23,
100000598100,1,2026/7/23,
100000598101,1,2026/7/23,
100000598102,1,2026/7/24,
100000598103,1,2026/8/20,
100000598104,1,2026/8/20,
100000598105,1,2026/8/21,
100000598106,1,2026/8/21,
100000598107,1,2026/8/21,
100000598108,1,2026/8/22,
100000598109,1,2026/8/22,
100000598110,1,2026/8/22,
100000598111,1,2026/8/23,
100000597806,1,2026/7/28,
100000597940,1,2026/7/28,
100000597941,1,2026/7/28,
100000597942,1,2026/7/29,
100000597943,1,2026/7/29,
100000573662,1,2026/7/21,
100000589371,4,2026/7/21,
100000597946,8,2026/8/11,
100000387404,2,2026/7/27,
100000540644,10,2026/7/27,
100000562175,14,2026/7/14,
100000562352,6,2026/8/10,
100000111885,2,2026/7/23,
100000111889,2,2026/7/21,
100000461145,1,2026/7/4,
100000431057,1,2026/7/4,
100000431056,4,2026/7/23,
200000008655,5,2026/7/19,
100000431058,4,2026/7/23,
100000469705,4,2026/7/23,
100000469706,4,2026/7/23,
100000469707,4,2026/7/23,
100000514626,2,2026/7/23,
100000540285,4,2026/7/23,
100000540286,4,2026/7/23,
100000540381,4,2026/7/27,
100000540383,4,2026/7/28,
100000540385,4,2026/7/28,
100000540387,4,2026/7/28,
100000540389,4,2026/7/5,
100000540390,4,2026/7/6,
100000562142,4,2026/7/7,
100000562144,4,2026/7/8,
100000562146,4,2026/7/9,
100000562148,4,2026/7/10,
100000562149,4,2026/7/11,
100000562151,4,2026/7/12,
100000562153,4,2026/7/13,
100000540392,3,2026/7/14,
100000558486,4,2026/7/15,
100000561865,4,2026/7/16,
100000561866,2,2026/7/17,
100000562136,4,2026/7/18,
100000562138,4,2026/7/19,
100000597913,4,2026/8/16,
100000656594,4,2026/8/10,
100000597769,4,2026/7/24,
100000597770,4,2026/7/25,
100000656480,4,2026/8/10,
100000656481,4,2026/8/10,
100000656482,4,2026/8/10,
100000656483,2,2026/8/10,
100000033026,1,2026/7/21,
100000255496,1,2026/7/1,
100000033807,1,2026/7/13,
800000001690,1,2026/6/29,
100000256540,1,2026/7/3,
100000257050,1,2026/7/3,
100000256724,1,2026/7/4,
100000256823,1,2026/7/4,
100000069815,1,2026/7/5,
100000310811,1,2026/7/5,
100000312526,1,2026/7/6,
100000312527,1,2026/7/6,
100000338526,1,2026/7/7,
100000540296,1,2026/7/7,
100000540297,1,2026/7/8,
100000540298,1,2026/7/8,
100000540299,1,2026/7/9,
100000540300,1,2026/7/13,
100000540302,1,2026/7/14,
100000540303,1,2026/7/9,
100000549648,1,2026/7/19,
100000549649,1,2026/7/10,
100000549650,1,2026/7/15,
100000549661,1,2026/7/17,
100000562079,1,2026/7/10,
100000562080,1,2026/7/11,
100000562446,1,2026/7/16,
100000310810,1,2026/7/11,
100000317504,1,2026/7/12,
100000338524,1,2026/7/12,
100000338525,1,2026/7/13,
100000549662,1,2026/7/17,
100000549646,1,2026/8/2,
100000549647,1,2026/8/2,
100000540692,1,2026/7/31,
100000540301,1,2026/7/16,
100000549663,1,2026/7/18,
100000562071,1,2026/7/18,
100000562073,1,2026/7/19,
100000562075,1,2026/7/20,
100000562077,1,2026/7/21,
100000562082,1,2026/7/21,
100000562084,1,2026/7/22,
100000416226,1,2026/8/7,
100000540694,1,2026/7/23,
100000540833,1,2026/7/24,
100000540835,1,2026/7/24,
100000549700,1,2026/7/25,
100000549701,1,2026/7/25,
100000562445,1,2026/7/26,
100000597576,1,2026/7/26,
100000597577,1,2026/7/27,
100000597578,1,2026/7/27,
100000597579,1,2026/7/28,
100000635720,1,2026/7/28,
100000635721,1,2026/7/29,
600000001615,1,2026/7/20,
100000635723,1,2026/7/30,
100000635724,1,2026/7/30,
100000635725,1,2026/8/27,
100000635726,1,2026/8/27,
100000635727,1,2026/8/1,
100000659230,1,2026/8/10,
100000635722,1,2026/7/29,
100000526762,1,2026/8/5,
100000488047,1,2026/7/16,
100000488048,1,2026/8/13,
100000490693,1,2026/7/15,
100000490857,2,2026/7/5,
100000526932,1,2026/7/16,
100000568439,1,2026/7/16,
100000597526,2,2026/7/23,
100000597616,4,2026/7/27,
100000597497,2,2026/7/16,
100000450237,3,2026/7/5,
100000450172,2,2026/8/22,
100000225345,18,2026/7/4,
100000540964,4,2026/8/5,
100000635511,8,2026/7/16,
100000647189,4,2026/8/7,
100000450236,2,2026/8/22,
100000625554,1,2026/7/5,
100000625555,1,2026/7/5,
100000625556,1,2026/7/6,
100000625633,1,2026/7/6,
100000625634,1,2026/7/7,
100000625753,1,2026/7/7,
100000625786,1,2026/7/8,
100000625694,1,2026/7/8,
100000625695,1,2026/7/9,
100000625696,1,2026/7/9,
100000625697,1,2026/7/10,
100000625557,1,2026/7/10,
100000625558,1,2026/7/11,
100000625493,1,2026/7/2,
100000625494,1,2026/7/7,
100000625495,1,2026/7/19,
100000625496,1,2026/7/19,
100000625500,1,2026/7/20,
100000625501,1,2026/7/22,
100000625502,1,2026/7/23,
100000625503,1,2026/7/15,
100000625504,1,2026/7/15,
100000625505,1,2026/7/16,
100000625506,1,2026/7/16,
100000625507,1,2026/7/17,
100000625533,1,2026/7/17,
100000625582,1,2026/7/18,
100000625651,1,2026/7/18,
100000625652,1,2026/7/19,
100000629599,1,2026/8/15,
100000629600,1,2026/8/16,
100000635693,1,2026/8/16,
100000635695,1,2026/8/17,
100000625759,1,2026/7/21,
100000635865,1,2026/8/18,
100000625760,1,2026/7/22,
100000625761,1,2026/7/23,
100000625762,1,2026/7/23,
100000622365,1,2026/7/2,
100000625947,1,2026/7/24,
100000629466,1,2026/7/25,
100000635814,1,2026/8/21,
100000637992,1,2026/8/22,
100000635978,1,2026/8/22,
100000647221,1,2026/8/17,
100000656768,1,2026/8/17,
100000647209,1,2026/8/17,
100000647210,1,2026/8/17,
100000656769,1,2026/8/17,
100000387398,2,2026/7/17,
100000622111,6,2026/7/10,
100000306907,1,2026/7/4,
100000360460,4,2026/7/4,
100000306904,4,2026/7/21,
100000306905,4,2026/7/3,
100000310826,1,2026/7/5,
100000427406,1,2026/7/3,
100000427429,1,2026/7/3,
100000338896,1,2026/7/3,
100000366853,1,2026/7/3,
100000371686,1,2026/7/3,
100000377227,1,2026/6/29,
100000367111,4,2026/6/29,
100000377197,1,2026/7/26,
100000377200,1,2026/7/27,
100000427368,1,2026/7/28,
100000427547,1,2026/7/31,
100000427444,2,2026/7/29,
100000502164,1,2026/8/4,
100000502168,1,2026/8/5,
100000502150,2,2026/8/2,
100000515150,1,2026/8/6,
100000502115,1,2026/8/1,
100000531915,4,2026/8/7,
100000531918,1,2026/8/3,
100000531921,4,2026/8/6,
100000540250,1,2026/8/6,
100000561967,3,2026/8/6,
100000606161,1,2026/8/13,
100000629617,3,2026/8/22,
100000567735,1,2026/8/6,
100000629143,4,2026/8/13,
100000629144,4,2026/8/26,
100000629145,1,2026/8/27,
100000232319,2,2026/7/19,
100000360375,2,2026/7/6,
100000371767,7,2026/8/18,
100000469514,7,2026/8/2,
100000449808,2,2026/7/15,
100000456149,2,2026/7/14,
100000469473,2,2026/7/19,
100000456033,1,2026/8/2,
100000469647,6,2026/7/3,
100000485344,8,2026/8/2,
100000502114,6,2026/8/2,
100000507874,10,2026/7/7,
100000507876,3,2026/8/14,
100000540642,2,2026/8/14,
100000573769,10,2026/8/2,
100000573773,4,2026/8/9,
100000574021,10,2026/8/9,
100000616600,4,2026/8/10,
100000629075,10,2026/8/10,
100000629076,3,2026/8/10,
100000629243,10,2026/8/10,
100000557780,2,2026/7/2,
100000557781,2,2026/7/2,
100000558205,1,2026/7/7,
100000558207,1,2026/7/7,
100000558354,1,2026/7/24,
100000558399,1,2026/7/7,
100000558402,1,2026/8/4,
100000625757,2,2026/8/9,
100000625497,1,2026/7/16,
100000625509,2,2026/7/23,
100000625822,1,2026/8/20,
100000009619,1,2026/7/16,
100000540342,3,2026/7/19,
100000514251,2,2026/7/10,
100000573619,1,2026/7/21,
100000647150,1,2026/7/2,
100000550990,1,2026/8/4,
100000556724,1,2026/8/4,
100000556771,1,2026/8/4,
100000550968,1,2026/8/4,
100000556731,1,2026/8/5,
100000556751,1,2026/8/5,
100000556783,1,2026/8/5,
100000556744,1,2026/8/5,
100000556757,1,2026/8/6,
100000556773,1,2026/8/6,
100000485265,1,2026/8/6,
100000551016,1,2026/8/6,
100000551026,1,2026/8/7,
100000556738,1,2026/8/7,
100000556749,1,2026/8/7,
100000556735,1,2026/8/7,
100000550988,1,2026/8/8,
100000551022,1,2026/8/8,
100000556722,1,2026/8/8,
100000556725,1,2026/8/8,
100000556729,1,2026/8/9,
100000556733,1,2026/8/9,
100000556740,1,2026/8/9,
100000556742,1,2026/8/9,
100000556748,1,2026/8/10,
100000556759,1,2026/8/10,
100000556767,1,2026/8/10,
100000556781,1,2026/8/10,
100000556785,1,2026/8/1,
100000556787,1,2026/8/1,
100000556755,1,2026/8/1,
100000556777,1,2026/8/1,
100000556779,1,2026/8/2,
100000556790,1,2026/8/2,
100000556718,1,2026/8/2,
100000556761,1,2026/8/2,
100000556763,1,2026/8/3,
100000556769,1,2026/8/3,
100000556775,1,2026/8/3,
100000556753,1,2026/8/3,
100000556765,1,2026/8/4,
100000556788,1,2026/8/4,
100000556792,1,2026/8/4,
100000556794,1,2026/8/4,
100000556796,1,2026/8/5,
100000556797,1,2026/8/5,
100000556799,1,2026/8/5,
100000556801,1,2026/8/5,
100000556803,1,2026/8/6,
100000556807,1,2026/8/6,
100000556809,1,2026/8/6,
100000556811,1,2026/8/6,
100000556813,1,2026/8/7,
100000556815,1,2026/8/7,
100000556816,1,2026/8/7,
100000556818,1,2026/8/7,
100000556820,1,2026/8/8,
100000556822,1,2026/8/8,
100000556824,1,2026/8/8,
100000556826,1,2026/8/8,
100000556828,1,2026/8/9,
100000556832,1,2026/8/9,
100000556833,1,2026/8/9,
100000556843,1,2026/8/9,
100000556844,1,2026/8/10,
100000556877,1,2026/8/10,
100000556879,1,2026/8/10,
100000556891,1,2026/8/10,
100000556893,1,2026/8/11,
800000001685,1,2026/8/11,
100000556835,1,2026/8/11,
100000556839,1,2026/8/11,
600000001127,1,2026/8/12,
200000004384,1,2026/8/12,
600000000414,1,2026/8/12,
600000000415,1,2026/8/12,
100000556805,1,2026/8/13,
100000556830,1,2026/8/13,
100000556837,1,2026/8/13,
100000556885,1,2026/8/13,
100000556887,1,2026/8/14,
100000556895,1,2026/8/14,
400000002668,1,2026/8/14,
400000002751,1,2026/8/14,
400000002670,1,2026/8/15,
400000002716,1,2026/8/15,
400000002720,1,2026/8/15,
400000002752,1,2026/8/15,
100000556841,1,2026/8/16,
100000556846,1,2026/8/16,
100000556881,1,2026/8/16,
100000556883,1,2026/8/16,
100000556889,1,2026/8/17,
100000556897,1,2026/8/17,
100000556899,1,2026/8/17,
100000556901,1,2026/8/17,
100000556903,1,2026/8/18,
100000556905,1,2026/8/18,
100000557024,1,2026/8/18,
100000557026,1,2026/8/18,
100000557028,1,2026/8/19,
100000557030,1,2026/8/19,
100000557032,1,2026/8/19,
100000557034,1,2026/8/19,
100000557037,1,2026/8/20,
100000557039,1,2026/8/20,
100000557041,1,2026/8/20,
100000557043,1,2026/8/20,
100000557045,1,2026/8/21,
100000557047,1,2026/8/21,
100000557049,1,2026/8/21,
100000557051,1,2026/8/21,
100000557053,1,2026/8/22,
100000557133,1,2026/8/22,
100000557135,1,2026/8/22,
100000557137,1,2026/8/22,
100000557139,1,2026/8/23,
100000557142,1,2026/8/23,
100000557144,1,2026/8/23,
100000557146,1,2026/8/23,
100000557148,1,2026/8/24,
100000557150,1,2026/8/24,
100000557152,1,2026/8/24,
100000557154,1,2026/8/24,
100000557156,1,2026/8/25,
100000557158,1,2026/8/25,
100000557160,1,2026/8/25,
100000557162,1,2026/8/25,
100000557372,1,2026/8/26,
100000557375,1,2026/8/26,
100000557377,1,2026/8/26,
100000557380,1,2026/8/26,
100000557383,1,2026/8/27,
100000557386,1,2026/8/27,
100000557389,1,2026/8/27,
100000557391,1,2026/8/27,
100000557395,1,2026/8/28,
100000557397,1,2026/8/28,
100000557399,1,2026/8/28,
100000557403,1,2026/8/28,
100000557404,1,2026/8/29,
100000557409,1,2026/8/29,
100000557410,1,2026/8/29,
100000557658,1,2026/8/29,
100000557660,1,2026/8/30,
100000557662,1,2026/8/30,
100000557664,1,2026/8/30,
100000557666,1,2026/8/30,
100000557668,1,2026/8/31,
100000557669,1,2026/8/31,
100000557671,1,2026/8/31,
100000557673,1,2026/8/31,
100000557675,1,2026/8/2,
100000557677,1,2026/8/2,
100000557679,1,2026/8/2,
100000557681,1,2026/8/2,
100000557683,1,2026/8/3,
100000557684,1,2026/8/3,
100000557715,1,2026/8/3,
100000557717,1,2026/8/3,
100000557718,1,2026/8/4,
100000557720,1,2026/8/4,
100000557722,1,2026/8/4,
100000557724,1,2026/8/4,
100000557726,1,2026/8/5,
100000557728,1,2026/8/5,
100000557730,1,2026/8/5,
100000557731,1,2026/8/5,
100000557733,1,2026/8/6,
100000557735,1,2026/8/6,
100000557737,1,2026/8/6,
100000557739,1,2026/8/6,
100000557741,1,2026/8/7,
100000557782,1,2026/8/7,
100000557783,1,2026/8/7,
100000557785,1,2026/8/7,
100000557786,1,2026/8/8,
100000557788,1,2026/8/8,
100000557790,1,2026/8/8,
100000557792,1,2026/8/8,
100000557793,1,2026/8/9,
100000557795,1,2026/8/9,
100000557797,1,2026/8/9,
100000557798,1,2026/8/9,
100000557800,1,2026/8/10,
100000557802,1,2026/8/10,
100000557804,1,2026/8/10,
100000557806,1,2026/8/10,
100000557835,1,2026/8/11,
100000557837,1,2026/8/11,
100000557839,1,2026/8/11,
100000557841,1,2026/8/11,
100000557842,1,2026/8/12,
100000557844,1,2026/8/12,
100000557845,1,2026/8/12,
100000557847,1,2026/8/12,
100000557849,1,2026/8/13,
100000557851,1,2026/8/13,
100000550431,1,2026/8/13,
100000550433,1,2026/8/13,
100000485267,1,2026/8/14,
100000485268,1,2026/8/14,
100000526903,1,2026/8/14,
100000527020,1,2026/8/14,
100000527021,1,2026/8/15,
100000527022,1,2026/8/15,
100000527023,1,2026/8/15,
100000527024,1,2026/8/15,
100000527025,1,2026/8/16,
100000527026,1,2026/8/16,
100000527027,1,2026/8/16,
100000549587,1,2026/8/16,
100000549588,1,2026/8/17,
100000549589,1,2026/8/17,
100000549590,1,2026/8/17,
100000549591,1,2026/8/17,
100000549592,1,2026/8/18,
100000549593,1,2026/8/18,
100000549594,1,2026/8/18,
100000549595,1,2026/8/18,
100000549596,1,2026/8/19,
100000549627,1,2026/8/19,
100000549628,1,2026/8/19,
100000549629,1,2026/8/19,
100000549630,1,2026/8/20,
100000549631,1,2026/8/20,
100000549632,1,2026/8/20,
100000549633,1,2026/8/20,
100000549738,1,2026/8/21,
100000549739,1,2026/8/21,
600000001087,1,2026/8/21,
600000001088,1,2026/8/21,
600000001137,1,2026/8/22,
100000256233,4,2026/6/29,
200000008782,1,2026/8/17,
200000008783,1,2026/8/17,
200000008784,1,2026/8/14,
200000008785,1,2026/8/14,
100000502439,4,2026/7/12,
100000502440,4,2026/7/21,
100000502510,4,2026/8/5,
100000502511,4,2026/8/5,
100000502430,4,2026/7/11,
100000502518,4,2026/8/5,
100000502519,4,2026/8/5,
100000502520,4,2026/8/5,
100000502521,4,2026/8/5,
100000502522,4,2026/8/5,
100000502523,4,2026/8/5,
100000502524,1,2026/8/5,
100000514263,4,2026/7/30,
100000514288,4,2026/8/7,
100000514695,4,2026/8/7,
100000372035,4,2026/8/7,
800000010307,4,2026/7/6,
100000069791,1,2026/8/6,
100000066780,1,2026/8/1,
100000068603,1,2026/8/1,
100000069015,1,2026/7/3,
100000111694,1,2026/7/22,
100000254833,1,2026/8/19,
100000129034,1,2026/7/3,
100000129033,1,2026/7/30,
100000238793,1,2026/8/15,
100000068628,1,2026/7/3,
100000069895,1,2026/7/7,
100000068613,1,2026/7/3,
100000255319,1,2026/7/6,
100000068998,1,2026/7/15,
100000142537,1,2026/7/3,
100000142543,1,2026/7/5,
100000255335,1,2026/7/5,
100000067708,1,2026/7/3,
100000069033,1,2026/7/7,
100000142539,1,2026/7/3,
100000069043,1,2026/7/7,
100000129029,1,2026/7/20,
100000069793,1,2026/7/20,
200000006056,1,2026/7/19,
200000002249,1,2026/7/14,
200000000732,2,2026/7/23,
200000000386,1,2026/7/23,
100000032999,1,2026/7/5,
100000033254,1,2026/7/6,
100000179522,1,2026/7/7,
100000165530,1,2026/7/8,
100000069059,1,2026/7/9,
100000034235,1,2026/7/10,
100000034233,1,2026/7/11,
100000165531,1,2026/7/12,
100000257027,1,2026/7/13,
100000387973,1,2026/7/14,
100000388261,1,2026/7/15,
100000388263,1,2026/7/16,
100000414676,1,2026/7/17,
100000414805,1,2026/7/18,
100000034228,1,2026/7/19,
100000165625,1,2026/7/20,
100000165626,1,2026/7/21,
100000256275,1,2026/7/22,
100000165624,1,2026/7/23,
100000165633,1,2026/7/24,
100000414566,1,2026/7/25,
100000256010,1,2026/7/26,
100000165634,1,2026/7/27,
100000165744,1,2026/7/28,
100000165745,1,2026/7/29,
100000165586,1,2026/7/30,
100000165582,1,2026/7/31,
100000388259,1,2026/8/1,
100000387620,1,2026/8/2,
100000414677,1,2026/8/3,
100000256531,1,2026/8/4,
100000414806,1,2026/8/5,
100000414808,1,2026/8/6,
100000469713,1,2026/8/7,
100000470143,1,2026/8/8,
200000007948,2,2026/8/9,
100000414807,1,2026/8/10,
100000430903,1,2026/8/11,
100000430904,1,2026/8/12,
100000430905,1,2026/8/13,
100000430906,1,2026/8/14,
100000430907,1,2026/8/15,
100000437798,1,2026/8/16,
100000437799,1,2026/8/17,
100000437800,1,2026/8/18,
100000437801,1,2026/8/19,
100000437802,1,2026/8/20,
100000414567,1,2026/8/21,
100000502102,1,2026/8/22,
100000514860,1,2026/8/23,
100000532238,1,2026/8/24,
100000514706,1,2026/8/25,
100000532105,1,2026/8/26,
100000532106,1,2026/8/27,
100000532060,1,2026/8/28,
100000532061,1,2026/8/29,
100000532062,1,2026/8/30,
100000532063,1,2026/8/31,
100000532064,1,2026/8/2,
100000532065,1,2026/8/3,
100000532066,1,2026/8/4,
100000532067,1,2026/8/5,
100000532068,1,2026/8/6,
100000532242,1,2026/8/7,
100000532243,1,2026/8/8,
100000532244,1,2026/8/9,
100000532245,1,2026/8/10,
100000537727,1,2026/8/11,
100000537728,1,2026/8/12,
100000537729,1,2026/8/13,
100000537730,1,2026/8/14,
200000000326,1,2026/8/15,
200000000742,1,2026/8/16,
100000034244,2,2026/7/2,
100000257121,1,2026/7/10,
100000254858,1,2026/7/10,
100000256499,1,2026/7/10,
100000521666,1,2026/6/29,
100000522024,1,2026/7/4,
100000522385,1,2026/7/15,
100000519834,1,2026/6/29,
100000522806,1,2026/7/20,
100000518452,1,2026/7/3,
100000521688,1,2026/7/15,
100000522371,1,2026/7/20,
100000522755,1,2026/7/20,
100000520160,1,2026/7/10,
100000520572,1,2026/7/10,
100000521755,1,2026/7/23,
100000523043,1,2026/7/19,
100000519227,1,2026/7/3,
100000518278,1,2026/7/3,
100000518953,1,2026/7/3,
100000520144,1,2026/7/10,
100000521873,1,2026/7/18,
100000521984,1,2026/7/16,
100000522340,1,2026/7/16,
100000540805,1,2026/7/14,
100000540807,1,2026/7/21,
100000540905,1,2026/7/21,
100000540907,1,2026/7/21,
100000550775,1,2026/7/23,
100000550777,1,2026/7/23,
100000550779,1,2026/7/23,
100000550781,1,2026/7/27,
100000550783,1,2026/7/28,
100000550786,1,2026/7/28,
100000550788,1,2026/7/29,
100000550932,1,2026/7/29,
100000550934,1,2026/7/30,
100000550936,1,2026/8/1,
100000550938,1,2026/7/19,
100000550940,1,2026/7/19,
100000550942,1,2026/7/19,
100000550944,1,2026/8/1,
100000550946,1,2026/8/1,
100000550948,1,2026/8/1,
100000550950,1,2026/8/1,
100000551367,1,2026/8/1,
100000551369,1,2026/8/1,
100000551329,1,2026/7/16,
100000551331,1,2026/7/15,
100000551477,1,2026/8/11,
100000551479,1,2026/8/11,
100000551480,1,2026/8/10,
100000551482,1,2026/8/10,
100000546477,1,2026/7/16,
100000550187,1,2026/7/16,
100000550189,1,2026/7/16,
100000550191,1,2026/7/17,
100000550194,1,2026/7/23,
100000550257,1,2026/7/23,
100000629495,1,2026/8/26,
100000629496,1,2026/8/2,
100000629497,1,2026/8/2,
100000432639,5,2026/7/15,
100000430795,2,2026/7/18,
100000034249,3,2026/7/19,
100000432621,2,2026/7/16,
100000169822,1,2026/7/18,
100000474190,1,2026/7/5,
800000010831,1,2026/7/6,
100000469804,2,2026/7/6,
100000514302,5,2026/7/18,
100000531888,1,2026/7/8,
100000432605,1,2026/7/5,
100000469639,5,2026/7/6,
100000469640,2,2026/7/6,
100000514256,5,2026/7/8,
100000531887,5,2026/7/4,
100000469641,5,2026/7/3,
800000010830,1,2026/6/29,
100000432641,3,2026/7/6,
100000515021,3,2026/7/8,
100000033212,1,2026/7/4,
100000514956,5,2026/7/8,
100000562059,2,2026/7/8,
100000540304,4,2026/7/16,
100000540631,5,2026/7/14,
100000562160,5,2026/6/29,
100000562063,5,2026/7/12,
200000006252,1,2026/6/29,
800000010850,1,2026/7/1,
800000010851,1,2026/6/29,
100000562086,4,2026/7/15,
100000540809,5,2026/8/6,
100000561910,5,2026/7/8,
100000558301,4,2026/8/6,
100000562107,4,2026/7/11,
100000562054,5,2026/7/5,
100000562055,5,2026/7/6,
100000562057,5,2026/7/7,
100000597549,5,2026/7/9,
100000597712,5,2026/8/6,
100000606208,1,2026/8/11,
100000562061,5,2026/7/11,
100000562065,4,2026/7/13,
100000293931,1,2026/7/3,
100000508063,1,2026/7/6,
100000431112,2,2026/7/3,
100000430839,2,2026/7/3,
100000431036,2,2026/7/3,
100000431037,1,2026/7/3,
100000437845,1,2026/7/6,
100000531990,2,2026/7/18,
100000437846,2,2026/7/6,
100000514322,1,2026/7/15,
100000431035,2,2026/7/25,
100000531988,2,2026/7/14,
100000531989,2,2026/7/14,
100000540647,2,2026/7/21,
100000540649,2,2026/7/14,
100000540651,2,2026/7/14,
100000562307,2,2026/7/21,
100000562309,2,2026/7/28,
100000562311,2,2026/7/28,
100000598042,2,2026/7/28,
100000598043,2,2026/7/26,
100000598044,1,2026/7/26,
100000621972,2,2026/7/26,
100000621973,2,2026/8/16,
100000622107,2,2026/8/16,
200000000754,1,2026/7/17,
200000000725,1,2026/7/17,
100000488005,1,2026/7/16,
100000573430,1,2026/7/6,
200000000750,1,2026/7/6,
100000551395,4,2026/7/24,
100000551397,1,2026/7/24,
100000550124,2,2026/7/10,
100000550125,2,2026/7/10,
100000550242,2,2026/7/10,
100000490711,1,2026/7/24,
100000502208,4,2026/7/24,
100000526808,4,2026/7/17,
100000549548,4,2026/7/10,
100000597312,4,2026/8/3,
100000601064,1,2026/8/3,
100000622216,4,2026/7/18,
100000622217,4,2026/7/25,
100000622218,4,2026/7/29,
100000622345,2,2026/8/12,
100000367609,1,2026/7/20,
100000293969,1,2026/7/23,
100000206052,1,2026/7/20,
100000531945,1,2026/7/15,
100000431046,1,2026/7/6,
100000431049,1,2026/7/6,
100000430975,1,2026/7/6,
100000430977,1,2026/7/3,
100000430978,1,2026/7/3,
100000437989,1,2026/7/6,
100000514923,1,2026/7/11,
100000515030,1,2026/7/11,
100000532073,1,2026/7/14,
100000532074,1,2026/7/14,
100000540966,1,2026/7/14,
100000540968,1,2026/7/14,
100000541084,1,2026/7/14,
100000541086,1,2026/7/14,
100000541088,1,2026/7/21,
100000541089,1,2026/7/21,
100000562317,1,2026/7/21,
100000562318,1,2026/7/21,
100000562320,1,2026/7/21,
100000562322,1,2026/7/21,
100000562324,1,2026/7/28,
100000573483,1,2026/7/28,
100000597927,1,2026/7/28,
100000597928,1,2026/7/28,
100000597524,1,2026/7/28,
100000598148,1,2026/7/23,
100000597996,1,2026/7/28,
100000597997,1,2026/7/28,
100000597998,1,2026/7/28,
100000597999,1,2026/7/28,
100000598000,1,2026/7/28,
100000598001,1,2026/7/23,
100000650379,3,2026/7/25,
100000650346,2,2026/7/25,
100000255394,1,2026/7/5,
100000210523,1,2026/7/5,
100000414293,2,2026/7/5,
100000437782,1,2026/7/8,
100000438052,2,2026/7/9,
100000437781,2,2026/7/9,
100000469493,2,2026/7/9,
100000438081,2,2026/7/10,
100000438133,2,2026/7/10,
100000438047,2,2026/7/11,
100000438049,2,2026/7/11,
100000438050,2,2026/7/11,
100000438165,2,2026/7/12,
100000438166,2,2026/7/12,
100000438053,2,2026/7/13,
100000438054,2,2026/7/13,
100000469601,2,2026/7/13,
100000469602,2,2026/7/14,
100000469603,2,2026/7/14,
100000469604,2,2026/7/15,
100000469605,2,2026/7/15,
100000469606,2,2026/7/15,
100000469607,2,2026/7/16,
100000470115,2,2026/7/16,
100000470116,2,2026/7/17,
100000469608,2,2026/7/17,
100000469609,2,2026/7/17,
100000469610,2,2026/7/18,
100000469611,2,2026/7/18,
100000469612,2,2026/7/19,
100000469613,2,2026/7/19,
100000469614,2,2026/7/19,
100000469615,2,2026/7/20,
100000438051,1,2026/8/16,
100000470117,2,2026/8/16,
100000470118,2,2026/8/17,
100000470119,2,2026/8/17,
100000470120,2,2026/8/18,
100000470121,2,2026/8/18,
100000470122,2,2026/8/18,
100000470123,2,2026/8/19,
100000470124,2,2026/8/19,
100000470125,2,2026/8/20,
100000567798,2,2026/8/20,
100000514733,2,2026/8/20,
100000567800,2,2026/8/21,
100000567990,2,2026/8/21,
100000568348,2,2026/8/22,
100000568351,2,2026/8/22,
100000568354,2,2026/8/22,
100000568358,2,2026/8/23,
100000568360,2,2026/8/23,
100000568364,2,2026/8/24,
100000568368,2,2026/8/24,
100000568370,1,2026/8/24,
100000567850,2,2026/8/25,
100000568374,2,2026/8/25,
100000568378,2,2026/8/25,
100000568380,2,2026/8/26,
100000568384,2,2026/8/14,
100000568388,2,2026/8/15,
100000567852,2,2026/8/15,
100000567854,2,2026/8/15,
100000567856,2,2026/8/16,
100000567857,2,2026/8/16,
100000573539,2,2026/8/17,
100000573541,2,2026/8/17,
100000573543,2,2026/8/17,
100000573545,2,2026/8/18,
100000574113,2,2026/8/18,
100000033116,2,2026/7/2,
100000111709,1,2026/7/9,
100000210348,5,2026/7/9,
100000210366,3,2026/7/9,
100000387915,4,2026/7/10,
100000474257,2,2026/7/11,
100000470047,2,2026/6/29,
100000473943,4,2026/6/29,
100000470048,4,2026/6/29,
100000473946,4,2026/7/11,
100000474146,3,2026/7/11,
100000490759,4,2026/7/23,
100000526926,1,2026/7/11,
100000540603,5,2026/7/11,
100000540605,4,2026/7/14,
100000541115,5,2026/7/14,
100000541117,2,2026/7/14,
100000551088,4,2026/7/14,
100000549642,5,2026/7/30,
100000549643,4,2026/7/11,
100000561896,5,2026/7/14,
100000561898,4,2026/7/14,
100000550207,5,2026/7/14,
100000550209,2,2026/7/14,
100000561862,4,2026/7/14,
100000561925,4,2026/7/14,
100000561927,5,2026/7/14,
100000561929,5,2026/7/14,
100000561931,2,2026/7/21,
100000568190,5,2026/7/7,
100000568194,4,2026/7/24,
100000573965,5,2026/8/20,
100000597936,4,2026/8/18,
100000597417,4,2026/8/24,
100000597772,5,2026/8/11,
100000597773,5,2026/8/18,
100000597774,1,2026/8/18,
100000656484,2,2026/9/3,
100000659233,5,2026/8/5,
100000659353,3,2026/8/6,
100000367310,2,2026/7/3,
800000006595,1,2026/7/3,
100000430833,1,2026/7/23,
100000430836,2,2026/7/23,
100000430970,1,2026/7/23,
100000414367,1,2026/7/23,
100000427397,1,2026/7/23,
100000431107,1,2026/7/27,
100000437879,1,2026/7/27,
100000430922,1,2026/7/23,
100000485325,2,2026/7/27,
100000430995,5,2026/7/23,
100000430996,2,2026/7/27,
100000430997,5,2026/7/27,
100000465234,2,2026/7/27,
100000206224,1,2026/7/3,
100000430973,4,2026/7/27,
100000111910,1,2026/7/3,
100000546491,2,2026/8/6,
100000546403,2,2026/7/27,
100000546406,5,2026/7/30,
100000546407,2,2026/7/30,
100000546460,1,2026/8/3,
100000546463,4,2026/8/3,
100000546526,2,2026/8/6,
100000546527,2,2026/8/6,
100000546520,5,2026/8/6,
100000546493,2,2026/8/6,
100000546410,3,2026/8/6,
100000546480,2,2026/8/6,
100000546516,5,2026/8/6,
100000546518,5,2026/8/6,
100000546522,5,2026/8/6,
100000546524,5,2026/8/6,
100000562005,5,2026/7/24,
100000562007,4,2026/7/24,
100000562155,5,2026/7/28,
100000562157,5,2026/7/31,
100000562158,5,2026/8/27,
100000558306,2,2026/7/24,
100000562109,4,2026/7/24,
100000562377,4,2026/8/7,
100000562438,5,2026/8/7,
100000562439,5,2026/8/7,
100000526759,10,2026/7/8,
100000532111,10,2026/7/15,
100000526996,10,2026/7/29,
100000526792,2,2026/7/15,
100000527063,8,2026/7/6,
100000526549,4,2026/7/26,
100000526625,10,2026/7/6,
100000526626,10,2026/7/7,
100000526670,10,2026/7/8,
100000526671,10,2026/7/8,
100000526672,10,2026/7/9,
100000526673,10,2026/7/10,
100000526674,10,2026/7/10,
100000526675,6,2026/7/11,
100000526760,4,2026/7/11,
100000526711,10,2026/7/12,
100000532093,10,2026/7/12,
100000532094,2,2026/7/13,
100000526769,10,2026/7/13,
100000526770,6,2026/7/14,
100000532112,6,2026/7/14,
100000540545,10,2026/7/15,
100000540547,6,2026/7/15,
100000558338,4,2026/7/15,
100000561887,10,2026/7/16,
100000561889,6,2026/7/16,
100000526809,10,2026/7/17,
100000526810,10,2026/7/18,
100000526575,10,2026/7/26,
100000526576,10,2026/7/19,
100000526577,10,2026/7/20,
100000526578,6,2026/7/20,
100000526915,6,2026/7/21,
100000526971,10,2026/7/21,
100000526983,10,2026/7/22,
100000526984,6,2026/7/22,
100000526997,2,2026/7/22,
100000540972,10,2026/7/23,
100000540973,10,2026/7/24,
100000540975,10,2026/7/24,
100000540977,2,2026/7/25,
100000561874,10,2026/7/25,
100000561876,10,2026/7/26,
100000597888,10,2026/7/27,
100000597889,10,2026/8/23,
100000597890,10,2026/8/24,
100000597891,10,2026/8/25,
100000597892,8,2026/8/25,
100000616681,8,2026/8/26,
100000622340,10,2026/8/26,
800000010274,1,2026/7/7,
100000069167,5,2026/7/7,
100000469516,5,2026/7/7,
100000069809,5,2026/7/7,
100000449585,5,2026/7/7,
100000469547,2,2026/7/8,
100000469864,1,2026/7/8,
100000469543,5,2026/7/8,
100000070379,5,2026/7/8,
100000033533,1,2026/7/8,
100000070255,5,2026/7/9,
100000414772,5,2026/7/9,
100000469542,5,2026/7/9,
100000502143,5,2026/7/9,
100000502144,5,2026/7/9,
100000507848,5,2026/7/10,
100000507849,3,2026/7/10,
100000514816,5,2026/7/10,
100000515046,3,2026/7/10,
100000532102,5,2026/7/10,
100000532103,5,2026/7/11,
100000531979,3,2026/7/11,
100000532131,5,2026/7/11,
100000532132,5,2026/7/11,
100000532133,5,2026/7/11,
100000540627,4,2026/7/12,
100000540989,4,2026/7/12,
100000033293,1,2026/7/12,
100000469545,5,2026/7/12,
100000469861,5,2026/7/12,
100000514850,5,2026/7/13,
100000515125,5,2026/7/13,
100000532101,5,2026/7/13,
100000532104,3,2026/7/13,
100000540609,5,2026/7/13,
100000540619,5,2026/7/14,
100000540625,5,2026/7/14,
100000541050,5,2026/7/14,
100000541056,5,2026/7/14,
100000367105,2,2026/7/14,
100000431118,5,2026/7/15,
100000469541,5,2026/7/15,
100000469544,5,2026/7/15,
100000469546,5,2026/7/15,
100000469548,5,2026/7/15,
100000469862,5,2026/7/16,
100000502145,1,2026/7/16,
100000540267,5,2026/7/16,
100000540611,5,2026/7/16,
100000541059,5,2026/7/16,
100000562414,5,2026/7/17,
100000562416,5,2026/7/17,
100000562420,5,2026/7/17,
100000562422,5,2026/7/17,
100000562424,5,2026/7/17,
100000562426,5,2026/7/18,
100000562427,5,2026/7/18,
100000562358,2,2026/7/18,
100000562428,5,2026/7/18,
100000562429,5,2026/7/18,
100000456139,2,2026/7/19,
100000562418,5,2026/7/19,
100000069174,2,2026/7/19,
800000010275,1,2026/7/19,
800000010276,1,2026/7/19,
100000388122,2,2026/7/20,
100000597553,5,2026/7/20,
100000597556,5,2026/7/20,
100000597557,5,2026/7/20,
100000598057,5,2026/7/20,
100000598058,5,2026/7/21,
100000598061,2,2026/7/21,
100000567763,4,2026/7/21,
100000597561,4,2026/7/21,
100000597550,5,2026/7/21,
100000597551,5,2026/7/22,
100000597552,5,2026/7/22,
100000597555,5,2026/7/22,
100000597558,5,2026/7/22,
100000567697,5,2026/7/22,
100000598059,5,2026/7/23,
100000598060,5,2026/7/23,
800000006477,1,2026/7/23,
100000366482,1,2026/7/23,
100000597554,5,2026/7/23,
100000597560,3,2026/7/24,
100000567698,5,2026/7/24,
100000567700,3,2026/7/24,
100000540266,5,2026/7/24,
100000540268,1,2026/7/24,
100000540613,5,2026/7/25,
100000540615,5,2026/7/25,
100000540617,5,2026/7/25,
100000540621,5,2026/7/25,
100000540623,5,2026/7/25,
100000541052,5,2026/7/26,
100000541054,5,2026/7/26,
100000558483,4,2026/7/26,
100000562111,4,2026/7/26,
100000562220,5,2026/7/26,
100000562410,5,2026/7/27,
100000562412,5,2026/7/27,
100000562354,5,2026/7/27,
100000562356,5,2026/7/27,
100000597559,5,2026/7/27,
100000567699,5,2026/7/28,
100000616557,5,2026/7/28,
100000616561,5,2026/7/28,
100000616563,4,2026/7/28,
100000616282,4,2026/7/28,
100000616287,5,2026/7/29,
100000616290,5,2026/7/29,
100000616294,5,2026/7/29,
100000616297,5,2026/7/29,
100000616792,2,2026/7/29,
100000616578,4,2026/7/30,
100000622103,5,2026/7/30,
100000622104,5,2026/7/30,
100000622105,1,2026/7/30,
100000622121,5,2026/7/30,
100000622122,5,2026/7/31,
100000622123,5,2026/7/31,
100000622124,5,2026/7/31,
100000622125,5,2026/7/31,
100000622126,5,2026/7/31,
100000622127,5,2026/8/1,
100000622128,5,2026/8/1,
100000622129,5,2026/8/1,
100000629229,5,2026/8/1,
100000629230,5,2026/8/1,
100000629231,5,2026/8/2,
100000629232,5,2026/8/2,
100000629233,5,2026/8/2,
100000629296,5,2026/8/2,
100000629297,2,2026/8/2,
100000659358,1,2026/8/3,
100000622106,4,2026/8/3,
100000659597,5,2026/8/3,
100000659599,5,2026/8/3,
100000659601,5,2026/8/3,
100000659603,5,2026/8/4,
100000659604,5,2026/8/4,
100000659606,5,2026/8/4,
100000659608,5,2026/8/4,
100000659610,5,2026/8/4,
100000033696,3,2026/7/23,
100000255959,4,2026/7/20,
100000540888,2,2026/7/23,
100000562052,3,2026/7/23,
100000568078,5,2026/7/26,
100000597523,2,2026/7/27,
100000598140,3,2026/7/27,
100000597805,3,2026/7/27,
100000622452,9,2026/7/9,
100000622453,6,2026/7/16,
100000629310,2,2026/7/17,
100000647207,2,2026/8/2,
100000659468,9,2026/8/2,
800000015092,2,2026/8/10,
800000015093,2,2026/8/10,
100000210444,2,2026/6/29,
100000069493,3,2026/7/10,
100000388332,12,2026/7/4,
100000287872,3,2026/7/4,
100000210408,4,2026/7/17,
100000414607,3,2026/7/5,
100000450090,5,2026/7/3,
100000469829,6,2026/6/29,
100000469830,4,2026/6/29,
100000469831,7,2026/7/3,
100000540920,15,2026/7/18,
100000561900,8,2026/7/18,
100000562448,20,2026/7/18,
100000562449,4,2026/8/23,
200000004478,4,2026/7/5,
200000004470,1,2026/7/5,
100000287567,1,2026/8/15,
100000246942,1,2026/7/11,
100000142533,2,2026/7/3,
100000469779,1,2026/7/23,
100000485228,1,2026/7/23,
100000540207,1,2026/7/29,
100000387381,1,2026/7/23,
100000387940,3,2026/6/29,
100000469616,1,2026/7/23,
100000541125,3,2026/7/29,
100000567682,1,2026/7/30,
100000568294,4,2026/7/30,
100000568297,3,2026/8/16,
100000597289,4,2026/8/16,
100000597989,4,2026/8/8,
100000598046,4,2026/8/8,
100000347636,1,2026/6/29,
100000347707,1,2026/7/2,
100000347665,1,2026/7/6,
100000347667,1,2026/7/6,
100000347668,1,2026/7/8,
100000347669,1,2026/7/8,
100000347670,1,2026/7/6,
100000347671,1,2026/7/8,
100000347672,1,2026/7/8,
100000347709,1,2026/7/2,
100000347664,1,2026/7/6,
100000347666,1,2026/7/6,
100000347708,1,2026/7/29,
100000580642,1,2026/7/4,
100000580636,1,2026/7/2,
100000580643,1,2026/6/30,
800000011854,1,2026/6/29,
100000573953,1,2026/7/22,
100000142611,3,2026/6/29,
100000069191,1,2026/7/20,
100000142589,1,2026/7/23,
100000256311,1,2026/7/19,
100000069194,1,2026/7/15,
100000514324,1,2026/7/7,
100000514361,1,2026/7/15,
100000514431,1,2026/7/20,
100000514631,1,2026/7/20,
100000514825,1,2026/7/23,
100000515111,1,2026/7/5,
100000514902,1,2026/7/6,
100000540507,1,2026/7/7,
100000540509,1,2026/7/15,
100000540511,1,2026/7/20,
100000540513,1,2026/7/20,
100000558303,1,2026/7/8,
100000562328,1,2026/7/5,
100000562332,1,2026/7/6,
100000562334,1,2026/7/7,
100000562336,1,2026/7/10,
100000562430,1,2026/7/11,
100000562330,1,2026/7/9,
100000562431,1,2026/7/12,
100000562432,1,2026/7/13,
100000562433,1,2026/7/14,
100000562434,1,2026/7/15,
100000562435,1,2026/7/16,
100000622219,1,2026/7/17,
100000622220,1,2026/7/18,
100000622221,1,2026/7/19,
100000622467,1,2026/7/20,
100000622468,1,2026/7/21,
100000622469,1,2026/7/22,
100000622222,1,2026/7/23,
100000622223,1,2026/7/24,
100000622224,1,2026/7/25,
100000622225,1,2026/7/26,
100000622226,1,2026/7/27,
100000635477,1,2026/7/28,
100000635478,1,2026/7/29,
100000635479,1,2026/7/30,
100000635480,1,2026/7/31,
100000635481,1,2026/8/1,
100000069423,1,2026/6/29,
100000182592,1,2026/7/3,
100000069182,1,2026/7/4,
100000170086,1,2026/7/5,
100000255797,1,2026/7/6,
100000256306,1,2026/7/7,
100000549879,1,2026/7/8,
100000549880,1,2026/7/29,
100000549881,1,2026/7/30,
100000549882,1,2026/7/31,
100000549972,1,2026/8/1,
100000549973,1,2026/8/2,
100000549974,1,2026/8/3,
100000256051,1,2026/7/9,
100000256586,1,2026/7/10,
100000256703,1,2026/7/11,
100000465122,1,2026/7/12,
100000502112,1,2026/7/13,
100000514790,1,2026/7/14,
100000514387,1,2026/7/15,
100000514693,1,2026/7/16,
100000514829,1,2026/7/17,
100000514875,1,2026/7/18,
100000515200,1,2026/7/19,
100000514285,1,2026/7/20,
100000541093,1,2026/7/21,
100000541095,1,2026/7/22,
100000541097,1,2026/7/23,
100000549694,1,2026/7/24,
100000549695,1,2026/8/13,
100000256369,1,2026/7/25,
100000541099,1,2026/7/26,
100000549693,1,2026/7/27,
100000549975,1,2026/8/4,
600000001612,1,2026/7/28,
100000550258,1,2026/8/5,
100000550721,1,2026/8/6,
100000550723,1,2026/8/7,
100000550724,1,2026/8/8,
100000550726,1,2026/8/9,
100000550728,1,2026/8/10,
100000550730,1,2026/8/11,
100000550732,1,2026/8/12,
100000622023,1,2026/8/14,
100000622024,1,2026/8/15,
100000635971,1,2026/8/31,
100000635490,1,2026/8/2,
100000635492,1,2026/8/3,
100000635494,1,2026/8/4,
100000635496,1,2026/8/5,
100000635605,2,2026/7/9,
100000635607,5,2026/7/9,
100000635609,5,2026/8/26,
100000502246,4,2026/7/5,
100000507878,2,2026/7/6,
100000502247,1,2026/7/28,
100000502126,4,2026/7/11,
100000502127,2,2026/7/3,
100000111809,2,2026/7/13,
100000257215,2,2026/7/15,
100000256745,4,2026/6/29,
100000387370,4,2026/6/29,
100000403537,1,2026/7/11,
100000414576,4,2026/7/3,
100000414249,1,2026/6/29,
100000507800,1,2026/7/5,
100000388299,7,2026/7/10,
100000414306,1,2026/6/29,
100000387590,1,2026/7/5,
100000430807,2,2026/6/29,
100000431199,2,2026/7/7,
100000431200,3,2026/7/19,
100000431201,3,2026/7/18,
100000449749,1,2026/7/20,
100000469524,1,2026/7/20,
100000469700,4,2026/7/3,
100000469701,4,2026/7/6,
100000469702,3,2026/6/29,
100000469703,1,2026/7/6,
100000469704,3,2026/7/15,
100000515197,3,2026/7/9,
100000532128,2,2026/7/8,
100000540265,2,2026/7/8,
100000540279,2,2026/7/8,
100000540280,4,2026/7/8,
100000540281,10,2026/7/8,
100000540282,3,2026/7/18,
100000540283,10,2026/7/18,
100000540284,6,2026/7/22,
100000558297,4,2026/7/18,
100000558299,6,2026/7/18,
100000561863,6,2026/7/18,
100000562120,3,2026/7/18,
100000562128,3,2026/7/22,
100000562122,9,2026/7/14,
100000567689,9,2026/7/21,
100000562124,10,2026/7/14,
100000562126,10,2026/7/18,
100000562131,2,2026/7/21,
100000562133,4,2026/7/21,
100000562134,2,2026/7/21,
100000574270,3,2026/7/24,
100000574272,2,2026/7/24,
100000574274,6,2026/7/24,
100000598143,1,2026/8/16,
100000597593,3,2026/7/28,
100000597603,3,2026/7/28,
100000597608,4,2026/7/28,
100000597392,9,2026/7/28,
100000598074,6,2026/7/28,
100000598075,4,2026/8/18,
100000622455,1,2026/8/23,
100000622456,4,2026/8/17,
100000659629,4,2026/8/17,
100000659631,6,2026/8/17,
100000659485,6,2026/8/17,
100000659487,5,2026/8/17,
100000659489,10,2026/8/17,
100000659490,4,2026/8/17,
100000659492,4,2026/8/17,
100000622026,2,2026/7/30,
100000622027,1,2026/7/1,
100000033157,1,2026/7/18,
100000033214,1,2026/7/18,
100000232394,1,2026/6/29,
100000269709,1,2026/6/29,
100000033486,1,2026/6/29,
100000269410,1,2026/6/29,
100000307513,1,2026/6/29,
100000307515,1,2026/6/29,
100000427383,1,2026/6/29,
100000367347,1,2026/6/30,
100000307519,1,2026/6/30,
100000319388,1,2026/6/30,
100000360444,1,2026/6/30,
100000367554,1,2026/6/30,
100000377224,1,2026/6/30,
100000377225,1,2026/6/29,
100000427381,1,2026/6/29,
100000307517,1,2026/6/29,
100000307520,1,2026/7/3,
100000319390,1,2026/7/3,
100000347807,1,2026/7/3,
100000360442,1,2026/7/4,
100000502244,1,2026/7/4,
100000414274,1,2026/7/4,
100000367345,1,2026/7/5,
100000360445,1,2026/7/5,
100000307335,1,2026/7/5,
100000269475,1,2026/7/6,
100000366765,1,2026/7/6,
100000427438,1,2026/7/6,
100000427454,1,2026/7/7,
100000427457,1,2026/7/7,
100000307518,1,2026/7/7,
100000307521,1,2026/7/8,
100000307522,1,2026/7/8,
100000377206,1,2026/7/8,
100000427490,1,2026/7/9,
100000377254,1,2026/7/9,
100000377256,1,2026/7/9,
100000427541,1,2026/7/10,
100000427542,1,2026/7/10,
100000502167,1,2026/7/10,
100000502153,1,2026/7/11,
100000502154,1,2026/7/11,
100000532000,1,2026/7/11,
100000532001,1,2026/7/12,
100000502147,1,2026/7/12,
100000532095,1,2026/7/12,
100000532096,1,2026/7/13,
100000540200,1,2026/7/13,
100000540201,1,2026/7/13,
100000558203,1,2026/7/14,
100000629043,1,2026/7/14,
100000629044,1,2026/7/14,
100000532002,1,2026/7/15,
100000532003,1,2026/7/15,
100000532005,1,2026/7/15,
100000532006,1,2026/7/16,
100000532007,1,2026/7/16,
100000532008,1,2026/7/16,
100000532009,1,2026/7/17,
100000532010,1,2026/7/17,
100000561976,1,2026/7/17,
100000561978,1,2026/7/18,
100000601170,1,2026/7/18,
100000629622,1,2026/7/18,
100000629623,1,2026/7/19,
100000629624,1,2026/7/19,
100000635792,1,2026/7/19,
100000567706,1,2026/7/20,
100000629636,1,2026/7/20,
100000629137,1,2026/7/20,
100000629561,1,2026/7/21,
100000629562,1,2026/7/21,
100000629563,1,2026/7/21,
100000659506,1,2026/7/22,
100000232388,1,2026/6/29,
100000306929,2,2026/6/29,
100000250303,2,2026/6/29,
100000360412,2,2026/6/29,
100000319128,2,2026/6/29,
100000360411,2,2026/6/29,
100000366759,2,2026/6/29,
100000502243,2,2026/6/30,
100000366802,2,2026/6/30,
100000367548,2,2026/6/30,
100000377290,2,2026/6/30,
100000377292,2,2026/6/30,
100000427378,2,2026/6/30,
100000070389,1,2026/6/29,
100000068799,2,2026/6/29,
100000250305,1,2026/6/29,
100000502226,2,2026/7/3,
100000502242,2,2026/7/3,
100000414204,2,2026/7/3,
100000377203,2,2026/7/4,
100000360410,2,2026/7/11,
100000427561,2,2026/7/11,
100000367621,2,2026/7/5,
100000367622,2,2026/7/5,
100000427436,2,2026/7/5,
100000427495,2,2026/7/6,
100000377210,2,2026/7/6,
100000377261,2,2026/7/6,
100000427614,2,2026/7/7,
100000367623,2,2026/7/7,
100000377208,2,2026/7/7,
100000427365,1,2026/7/8,
100000427367,2,2026/7/8,
100000502149,2,2026/7/8,
100000532011,2,2026/7/9,
100000532012,2,2026/7/9,
100000532013,2,2026/7/9,
100000532014,2,2026/7/10,
100000549634,2,2026/7/10,
100000549635,2,2026/7/10,
100000549807,2,2026/7/11,
100000549808,2,2026/7/11,
100000532041,2,2026/7/11,
100000532042,2,2026/7/12,
100000532043,2,2026/7/12,
100000532197,2,2026/7/12,
100000540254,2,2026/7/13,
100000540255,2,2026/7/13,
100000540256,1,2026/7/13,
100000549809,2,2026/7/14,
100000549810,2,2026/7/14,
100000549811,2,2026/7/14,
100000549812,1,2026/7/15,
100000532044,2,2026/7/15,
100000532045,2,2026/7/15,
100000532046,2,2026/7/16,
100000532047,2,2026/7/16,
100000629610,2,2026/7/16,
100000629611,2,2026/7/17,
100000629612,2,2026/7/17,
100000629649,2,2026/7/17,
100000629412,2,2026/7/18,
100000629513,2,2026/7/18,
100000629514,2,2026/7/18,
100000629515,2,2026/7/19,
100000629516,2,2026/7/19,
100000629517,1,2026/7/19,
100000659562,2,2026/7/20,
100000659623,2,2026/7/20,
100000033350,2,2026/7/8,
100000269408,2,2026/7/8,
100000377205,2,2026/6/29,
100000377317,2,2026/6/29,
100000360440,2,2026/7/8,
100000366763,2,2026/7/8,
100000367293,2,2026/7/9,
100000367295,2,2026/7/9,
100000377318,2,2026/7/9,
100000427535,2,2026/6/29,
100000427537,2,2026/6/29,
100000502104,2,2026/6/29,
100000360439,2,2026/7/10,
100000360441,2,2026/7/11,
100000377296,2,2026/7/11,
100000367439,2,2026/7/11,
100000360418,2,2026/7/12,
100000502178,2,2026/7/5,
100000532110,2,2026/7/5,
100000540449,2,2026/8/2,
100000625756,2,2026/8/6,
100000502148,2,2026/7/5,
100000532015,2,2026/7/5,
100000532016,2,2026/7/5,
100000532181,2,2026/7/5,
100000532182,2,2026/7/5,
100000532183,2,2026/7/30,
100000532184,2,2026/7/30,
600000001611,1,2026/7/15,
100000502105,1,2026/7/5,
100000532185,2,2026/7/30,
100000550033,2,2026/8/2,
100000550034,2,2026/8/6,
100000550035,2,2026/8/6,
100000550476,2,2026/8/6,
100000532048,2,2026/7/5,
100000532049,2,2026/7/5,
100000532050,2,2026/7/5,
100000532051,2,2026/7/5,
100000540257,2,2026/8/2,
100000629603,1,2026/8/13,
100000629614,2,2026/8/14,
100000629615,2,2026/8/14,
100000629616,2,2026/8/15,
100000629666,2,2026/8/15,
100000629521,2,2026/8/13,
100000629522,2,2026/8/13,
100000629523,2,2026/8/13,
100000629524,2,2026/8/13,
100000629525,2,2026/8/20,
100000629526,2,2026/8/20,
100000629527,2,2026/8/20,
100000629549,2,2026/8/20,
100000629550,2,2026/8/2,
100000629551,2,2026/8/22,
100000629552,2,2026/8/22,
100000629553,2,2026/8/22,
100000629554,2,2026/8/22,
100000629555,2,2026/9/5,
100000629556,1,2026/9/5,
100000431000,2,2026/7/31,
100000033352,1,2026/7/5,
100000232276,2,2026/7/8,
100000232282,2,2026/7/9,
100000427427,2,2026/6/29,
100000360414,2,2026/7/8,
100000206255,1,2026/6/29,
100000232279,2,2026/7/7,
100000232250,2,2026/7/7,
100000232280,2,2026/7/8,
100000360415,2,2026/7/11,
100000360416,2,2026/6/29,
100000360417,2,2026/7/15,
100000366977,2,2026/7/14,
100000366979,2,2026/7/21,
100000427277,1,2026/7/30,
100000427279,1,2026/8/2,
100000427423,2,2026/7/31,
100000377194,2,2026/8/3,
100000377195,2,2026/8/5,
100000427361,2,2026/8/7,
100000490970,2,2026/7/11,
100000490971,2,2026/7/5,
100000515043,2,2026/7/6,
100000527004,2,2026/7/7,
100000532186,2,2026/7/8,
100000532187,2,2026/7/9,
100000532188,2,2026/7/10,
100000532189,2,2026/7/11,
100000532190,2,2026/7/12,
100000532191,2,2026/7/13,
100000532192,2,2026/7/14,
100000532193,2,2026/7/15,
100000540253,2,2026/7/16,
100000532194,2,2026/7/17,
100000532195,2,2026/7/18,
100000532196,2,2026/7/19,
100000561965,2,2026/7/20,
100000562113,2,2026/7/21,
100000562115,2,2026/7/22,
100000656341,2,2026/8/16,
100000659565,2,2026/8/17,
100000659567,2,2026/8/17,
100000465186,1,2026/7/2,
100000465187,1,2026/7/24,
100000465233,1,2026/8/8,
100000204378,1,2026/6/29,
100000254853,1,2026/6/29,
100000526722,1,2026/6/29,
100000322455,1,2026/6/29,
800000006525,1,2026/6/30,
100000204373,1,2026/6/30,
100000204071,1,2026/6/30,
100000204065,1,2026/6/30,
100000526725,1,2026/7/1,
100000033258,1,2026/7/1,
100000033262,1,2026/7/1,
100000204078,1,2026/7/1,
100000255794,1,2026/6/29,
100000204054,1,2026/6/29,
100000204385,1,2026/6/29,
100000204375,1,2026/6/29,
800000006496,1,2026/7/3,
100000204053,1,2026/7/3,
100000204075,1,2026/7/3,
100000526641,1,2026/7/3,
100000033270,1,2026/7/4,
100000033296,1,2026/7/4,
100000033083,1,2026/7/4,
100000526554,1,2026/7/4,
100000526622,1,2026/7/5,
800000006514,1,2026/7/5,
100000526679,1,2026/7/5,
100000526717,1,2026/7/5,
100000204336,1,2026/7/6,
100000033466,1,2026/7/6,
100000033468,1,2026/7/6,
100000526639,1,2026/7/6,
100000526740,1,2026/7/7,
100000526632,1,2026/7/7,
100000526635,1,2026/7/7,
100000526636,1,2026/7/7,
100000526724,1,2026/7/8,
800000006495,1,2026/7/8,
100000322461,1,2026/7/8,
100000033085,1,2026/7/8,
100000256089,1,2026/7/9,
100000255905,1,2026/7/9,
100000322460,1,2026/7/9,
100000204079,1,2026/7/9,
100000526634,1,2026/7/10,
100000255643,1,2026/7/10,
100000322871,1,2026/7/10,
100000204057,1,2026/7/10,
100000255726,1,2026/7/11,
100000526604,1,2026/7/11,
100000526718,1,2026/7/11,
100000526618,1,2026/7/11,
100000526610,1,2026/7/12,
100000204381,1,2026/7/12,
800000006520,1,2026/7/12,
100000526523,1,2026/7/12,
100000526524,1,2026/7/13,
100000526624,1,2026/7/13,
100000322878,1,2026/7/13,
100000526782,1,2026/7/13,
100000526783,1,2026/7/14,
100000526834,1,2026/7/14,
100000204060,1,2026/7/14,
100000526633,1,2026/7/14,
100000526525,1,2026/7/15,
100000526526,1,2026/7/15,
100000526586,1,2026/7/15,
100000526677,1,2026/7/15,
100000526678,1,2026/7/16,
100000526680,1,2026/7/16,
100000526696,1,2026/7/16,
100000526698,1,2026/7/16,
100000526699,1,2026/7/17,
100000526702,1,2026/7/17,
100000526703,1,2026/7/17,
100000526704,1,2026/7/17,
100000526737,1,2026/7/18,
100000526738,1,2026/7/18,
100000526739,1,2026/7/18,
100000526741,1,2026/7/18,
100000526742,1,2026/7/19,
100000526743,1,2026/7/19,
100000526744,1,2026/7/19,
100000526745,1,2026/7/19,
100000526746,1,2026/7/20,
100000526747,1,2026/7/20,
100000526748,1,2026/7/20,
100000526749,1,2026/7/20,
100000526750,1,2026/7/21,
100000526751,1,2026/7/21,
100000526752,1,2026/7/21,
100000526753,1,2026/7/21,
100000526754,1,2026/7/22,
100000526787,1,2026/7/22,
100000526720,1,2026/7/22,
100000526721,1,2026/7/22,
100000526726,1,2026/7/23,
100000526773,1,2026/7/23,
100000526904,1,2026/7/23,
100000526905,1,2026/7/23,
100000526906,1,2026/7/24,
100000526913,1,2026/7/24,
100000526914,1,2026/7/24,
100000526774,1,2026/7/24,
100000526775,1,2026/7/25,
100000526776,1,2026/7/25,
100000526777,1,2026/7/25,
100000526778,1,2026/7/25,
100000526779,1,2026/7/26,
100000526780,1,2026/7/26,
100000526781,1,2026/7/26,
100000526735,1,2026/7/26,
100000526832,1,2026/7/27,
100000526833,1,2026/7/27,
100000526835,1,2026/7/27,
100000526836,1,2026/7/27,
100000526837,1,2026/7/28,
100000526976,1,2026/7/28,
100000526977,1,2026/7/28,
100000526978,1,2026/7/28,
100000526980,1,2026/7/29,
100000526981,1,2026/7/29,
100000526648,1,2026/7/29,
100000526649,1,2026/7/29,
100000526650,1,2026/7/30,
100000526651,1,2026/7/30,
100000526652,1,2026/7/30,
100000526653,1,2026/7/30,
100000526585,1,2026/7/31,
100000526587,1,2026/7/31,
100000526700,1,2026/7/31,
100000526701,1,2026/7/31,
100000526705,1,2026/8/1,
100000526706,1,2026/8/1,
100000526907,1,2026/8/1,
100000526908,1,2026/8/1,
100000526909,1,2026/8/2,
100000526910,1,2026/8/2,
100000526911,1,2026/8/2,
100000526912,1,2026/8/2,
100000526736,1,2026/8/3,
100000526838,1,2026/8/3,
100000526979,1,2026/8/3,
100000526982,1,2026/8/3,
100000033268,1,2026/8/4,
800000011900,1,2026/7/7,
100000319190,1,2026/7/7,
100000294001,2,2026/7/7,
100000323165,1,2026/7/10,
100000338982,1,2026/7/11,
100000336071,1,2026/6/29,
100000294000,2,2026/7/9,
100000269595,1,2026/7/9,
100000294024,1,2026/7/9,
100000294002,2,2026/7/9,
100000293928,2,2026/7/8,
100000293929,1,2026/7/9,
100000323052,1,2026/7/10,
100000336072,1,2026/7/10,
100000371979,1,2026/7/9,
100000377306,1,2026/7/10,
100000427546,1,2026/7/10,
100000240180,2,2026/7/11,
100000360453,2,2026/6/29,
100000360459,2,2026/6/29,
100000377352,2,2026/6/29,
100000366393,2,2026/7/5,
100000366396,2,2026/6/29,
100000465131,1,2026/7/14,
100000490955,1,2026/7/21,
100000427498,2,2026/7/21,
100000427531,1,2026/7/1,
100000427544,2,2026/7/1,
100000450179,1,2026/7/3,
100000490808,1,2026/6/29,
100000526827,1,2026/7/3,
100000366390,2,2026/7/11,
100000527008,1,2026/7/7,
100000527009,1,2026/7/8,
100000546487,1,2026/7/8,
100000502263,2,2026/7/6,
100000526973,2,2026/7/6,
100000526974,2,2026/7/7,
100000527010,1,2026/7/8,
100000531912,2,2026/7/9,
100000561972,2,2026/7/10,
100000561974,1,2026/7/10,
100000567801,1,2026/7/10,
100000656342,2,2026/8/18,
200000000411,1,2026/7/13,
100000444533,2,2026/7/17,
100000541123,1,2026/7/17,
100000663508,4,2026/8/17,
100000437973,2,2026/7/17,
100000540811,1,2026/7/17,
100000663273,2,2026/8/17,
100000540802,1,2026/7/22,
100000456275,1,2026/7/9,
100000526879,1,2026/6/30,
100000449936,1,2026/7/20,
100000526880,1,2026/7/20,
100000306637,1,2026/7/23,
100000265286,1,2026/7/6,
100000265288,1,2026/7/6,
100000306638,1,2026/7/23,
100000438159,1,2026/7/1,
100000438160,1,2026/7/13,
100000469625,1,2026/7/6,
100000469832,1,2026/7/6,
100000558078,1,2026/8/26,
100000070373,2,2026/6/29,
100000365690,1,2026/7/4,
100000319176,2,2026/7/5,
100000430808,2,2026/7/23,
100000322917,1,2026/7/10,
100000367276,1,2026/7/10,
100000414613,2,2026/7/4,
100000414614,2,2026/7/20,
100000431059,2,2026/7/14,
100000437954,2,2026/7/5,
100000437955,2,2026/7/5,
100000438147,2,2026/7/5,
100000449580,2,2026/7/5,
100000449581,2,2026/8/4,
100000449624,1,2026/8/18,
100000431060,2,2026/7/21,
100000514553,2,2026/7/13,
100000514909,2,2026/8/12,
100000515130,1,2026/7/17,
100000069648,1,2026/7/7,
100000069290,1,2026/7/21,
100000069291,1,2026/7/6,
100000069703,1,2026/7/3,
100000069768,1,2026/7/6,
100000069289,1,2026/6/29,
100000527069,1,2026/8/21,
100000526995,1,2026/8/21,
100000487967,1,2026/6/29,
100000561829,2,2026/7/22,
100000561830,3,2026/7/22,
100000562436,1,2026/7/22,
100000562437,3,2026/8/9,
200000000853,1,2026/7/10,
100000033725,1,2026/7/21,
100000469618,1,2026/7/20,
100000549997,1,2026/7/21,
100000549999,1,2026/7/21,
100000550000,1,2026/6/29,
100000550001,1,2026/7/9,
100000550002,1,2026/7/24,
100000550003,1,2026/7/10,
100000550004,1,2026/7/10,
100000550005,1,2026/7/11,
100000551128,1,2026/7/24,
100000553666,1,2026/7/24,
100000469867,1,2026/7/6,
100000469868,1,2026/7/7,
100000469617,1,2026/7/11,
100000469941,1,2026/7/20,
100000469942,1,2026/7/23,
100000469943,1,2026/7/16,
100000469946,1,2026/7/15,
100000469947,1,2026/7/14,
100000469948,1,2026/7/21,
100000469949,1,2026/7/7,
100000152577,1,2026/7/2,
100000264176,1,2026/7/28,
100000469866,1,2026/7/5,
100000292218,1,2026/7/3,
100000414822,1,2026/7/3,
100000414823,1,2026/7/3,
100000449775,1,2026/7/4,
100000449776,1,2026/7/5,
100000449777,1,2026/7/6,
100000469471,1,2026/6/29,
100000469472,1,2026/7/15,
100000469802,1,2026/7/4,
100000264011,1,2026/7/11,
100000549998,1,2026/7/14,
100000469944,1,2026/7/4,
100000469945,1,2026/7/13,
200000000410,1,2026/7/13,
100000659560,2,2026/7/17,
100000438094,1,2026/8/6,
100000438095,1,2026/8/7,
100000438096,1,2026/8/8,
100000438097,1,2026/8/9,
100000438137,1,2026/8/10,
100000438138,1,2026/8/1,
100000438139,1,2026/8/17,
200000007992,1,2026/8/12,
600000001521,1,2026/8/12,
100000507944,1,2026/7/1,
100000427460,1,2026/7/15,
100000427463,1,2026/7/16,
100000487885,4,2026/7/20,
100000487886,2,2026/8/12,
100000507847,4,2026/7/26,
100000562343,4,2026/8/19,
100000562345,2,2026/8/19,
100000469812,4,2026/8/18,
100000540557,1,2026/7/6,
100000210364,1,2026/7/18,
100000210521,1,2026/6/29,
100000256188,1,2026/7/11,
100000210538,1,2026/7/10,
100000210534,1,2026/7/10,
100000257068,1,2026/7/18,
100000255683,1,2026/7/3,
100000256913,1,2026/7/7,
100000255549,1,2026/7/7,
100000549874,1,2026/7/20,
100000549875,1,2026/8/17,
100000549876,1,2026/8/18,
100000549877,1,2026/8/19,
100000549878,1,2026/8/20,
100000238766,1,2026/7/28,
100000430894,1,2026/7/30,
100000414686,1,2026/7/29,
100000430911,1,2026/7/31,
100000427318,1,2026/7/30,
100000430960,1,2026/7/31,
100000431039,1,2026/8/1,
100000431040,1,2026/8/2,
100000431041,1,2026/8/3,
100000430981,1,2026/8/8,
100000430982,1,2026/8/9,
100000549852,1,2026/8/10,
100000656734,1,2026/8/15,
100000656735,1,2026/8/15,
100000656736,1,2026/8/15,
100000656737,1,2026/8/15,
100000656738,1,2026/8/15,
100000256032,1,2026/7/3,
100000549962,1,2026/7/17,
100000549963,1,2026/8/14,
100000549964,1,2026/8/15,
100000549965,1,2026/8/16,
100000256357,1,2026/7/27,
100000366171,1,2026/7/30,
100000414251,1,2026/8/2,
100000430895,1,2026/8/2,
100000414571,1,2026/8/2,
100000430938,1,2026/7/28,
100000430939,1,2026/7/29,
100000431185,1,2026/7/30,
100000431186,1,2026/7/31,
100000431187,1,2026/8/1,
100000431149,1,2026/8/21,
100000431150,1,2026/8/22,
100000656477,1,2026/8/15,
100000656551,1,2026/8/15,
100000656552,1,2026/8/15,
100000656553,1,2026/8/15,
100000656554,1,2026/8/15,
100000656555,1,2026/8/15,
100000521825,1,2026/7/14,
100000255901,1,2026/7/11,
100000256054,1,2026/7/11,
800000012295,1,2026/6/29,
100000549933,1,2026/8/24,
100000522625,1,2026/8/8,
100000522804,1,2026/8/8,
100000523049,1,2026/8/22,
100000518629,1,2026/7/14,
100000522219,1,2026/8/1,
100000522937,1,2026/7/15,
100000522463,1,2026/8/8,
100000523040,1,2026/8/11,
100000521802,1,2026/7/20,
100000522368,1,2026/7/15,
100000523025,1,2026/7/23,
100000522423,1,2026/7/19,
100000519059,1,2026/7/14,
100000520427,1,2026/7/19,
100000522561,1,2026/8/8,
100000522731,1,2026/7/15,
100000518847,1,2026/7/7,
100000522374,1,2026/7/21,
100000521769,1,2026/8/21,
100000522073,1,2026/8/1,
100000549840,1,2026/8/3,
100000549770,1,2026/8/11,
100000438055,1,2026/7/4,
100000438002,1,2026/7/4,
100000438058,1,2026/7/5,
100000438059,1,2026/7/5,
100000438003,1,2026/7/6,
100000438005,1,2026/7/6,
100000438008,1,2026/7/7,
100000438009,1,2026/7/6,
100000465203,1,2026/7/8,
100000465232,1,2026/7/6,
100000255048,1,2026/7/9,
100000255621,1,2026/7/9,
100000256330,1,2026/7/10,
100000256572,1,2026/7/10,
100000069341,1,2026/7/11,
100000256284,1,2026/7/11,
100000250201,1,2026/7/12,
100000250203,1,2026/7/12,
100000293944,1,2026/7/13,
100000293933,1,2026/7/13,
100000293934,1,2026/7/14,
100000293935,1,2026/7/14,
100000323118,1,2026/7/15,
100000323119,1,2026/7/15,
100000323120,1,2026/7/16,
100000338462,1,2026/7/16,
100000338463,1,2026/7/17,
100000366722,1,2026/7/17,
100000366725,1,2026/7/18,
100000366729,1,2026/7/18,
100000323322,1,2026/7/19,
100000323323,1,2026/7/19,
100000338576,1,2026/7/20,
100000338577,1,2026/7/20,
100000366014,1,2026/7/21,
100000366015,1,2026/7/21,
100000371841,1,2026/7/22,
100000414496,1,2026/7/22,
100000339015,1,2026/7/23,
100000339016,1,2026/7/23,
100000339017,1,2026/7/24,
100000339018,1,2026/7/24,
100000367148,1,2026/7/25,
100000367150,1,2026/7/25,
100000367152,1,2026/7/26,
100000367154,1,2026/7/26,
100000366185,1,2026/7/27,
100000367577,1,2026/7/27,
100000371922,1,2026/7/28,
100000371923,1,2026/7/28,
100000371924,1,2026/7/29,
100000371925,1,2026/7/29,
100000371926,1,2026/7/30,
100000414243,1,2026/7/30,
100000414826,1,2026/7/31,
100000414827,1,2026/7/31,
100000437804,1,2026/8/1,
100000437805,1,2026/8/1,
100000438000,1,2026/8/2,
100000438001,1,2026/8/2,
100000438004,1,2026/8/3,
100000008581,1,2026/8/21,
100000008556,1,2026/8/22,
100000008473,1,2026/8/22,
200000000870,1,2026/7/5,
100000244445,1,2026/7/19,
100000250219,1,2026/7/4,
100000255649,3,2026/7/4,
100000259688,2,2026/7/27,
100000262438,3,2026/7/27,
100000282084,2,2026/7/27,
100000469443,2,2026/7/27,
100000540204,2,2026/8/3,
100000561824,3,2026/8/3,
100000255848,3,2026/7/27,
100000262446,2,2026/7/27,
100000204138,4,2026/7/16,
100000210419,4,2026/7/16,
100000210420,1,2026/7/27,
100000469808,4,2026/8/3,
100000469809,1,2026/8/3,
100000474192,1,2026/8/3,
100000256273,4,2026/7/27,
100000469979,4,2026/8/3,
100000469559,4,2026/7/27,
100000469560,4,2026/8/3,
100000469561,3,2026/8/3,
100000562360,3,2026/8/3,
100000562362,4,2026/8/3,
100000562364,4,2026/8/3,
100000562366,4,2026/7/13,
100000562368,4,2026/8/10,
100000562369,4,2026/8/11,
100000562371,4,2026/8/12,
100000562373,1,2026/8/13,
100000597313,1,2026/8/14,
100000597314,3,2026/8/15,
100000332029,10,2026/6/29,
100000332028,10,2026/6/29,
100000332055,10,2026/6/29,
100000322842,10,2026/6/29,
100000322838,10,2026/6/29,
100000365748,10,2026/6/29,
100000331985,10,2026/6/29,
100000332019,10,2026/6/29,
100000332020,10,2026/6/29,
100000332021,10,2026/6/29,
100000332008,10,2026/6/30,
100000388281,10,2026/6/30,
100000332002,10,2026/6/30,
100000322657,10,2026/7/1,
100000331986,10,2026/6/30,
100000331987,10,2026/6/30,
100000331998,10,2026/6/29,
100000331999,10,2026/6/29,
100000332000,10,2026/6/29,
100000332001,10,2026/7/3,
100000332003,10,2026/7/3,
100000332004,10,2026/7/3,
100000332005,10,2026/7/4,
100000332006,10,2026/7/4,
100000332007,10,2026/7/4,
100000331984,10,2026/7/5,
100000331965,10,2026/7/5,
100000331966,10,2026/7/5,
100000331967,10,2026/7/6,
100000331968,10,2026/7/6,
100000331969,10,2026/7/6,
100000331970,10,2026/7/7,
100000331971,10,2026/7/7,
100000331972,10,2026/7/7,
100000331961,10,2026/7/8,
100000331962,10,2026/7/8,
100000331963,10,2026/7/8,
100000331964,10,2026/7/9,
100000387537,10,2026/7/9,
100000387538,10,2026/7/9,
100000387539,10,2026/7/10,
100000387540,10,2026/7/10,
100000387541,10,2026/7/10,
100000387542,10,2026/7/11,
100000387543,10,2026/7/11,
100000387544,10,2026/7/11,
100000387545,10,2026/7/12,
100000387546,10,2026/7/12,
100000387547,10,2026/7/12,
100000387548,10,2026/7/13,
100000387549,10,2026/7/13,
100000387983,10,2026/7/13,
100000387984,10,2026/7/14,
100000388052,10,2026/7/14,
100000388053,10,2026/7/14,
100000388054,10,2026/7/15,
100000388055,10,2026/7/15,
100000388056,10,2026/7/15,
100000388057,10,2026/7/16,
100000388058,10,2026/7/16,
100000388059,10,2026/7/16,
100000388060,10,2026/7/17,
100000388061,10,2026/7/17,
100000388062,10,2026/7/17,
100000388063,10,2026/7/18,
100000388064,10,2026/7/18,
100000388216,10,2026/7/18,
100000388217,10,2026/7/19,
100000388218,10,2026/7/19,
100000388219,10,2026/7/19,
100000388220,10,2026/7/20,
100000388221,10,2026/7/20,
100000388222,10,2026/7/20,
100000388266,10,2026/7/21,
100000388268,10,2026/7/21,
100000574266,1,2026/7/10,
100000204300,1,2026/7/6,
100000232262,1,2026/7/1,
100000232293,1,2026/7/1,
100000152323,1,2026/7/4,
100000205980,1,2026/7/1,
100000142573,1,2026/7/5,
100000256276,1,2026/7/13,
100000255543,1,2026/7/13,
100000255752,1,2026/7/13,
100000256525,1,2026/7/13,
100000371625,1,2026/7/8,
100000371626,1,2026/7/8,
100000387916,1,2026/7/9,
100000387947,1,2026/7/9,
100000387550,1,2026/7/9,
100000387925,1,2026/7/9,
100000388296,1,2026/7/9,
100000438141,1,2026/7/9,
100000450002,1,2026/7/30,
100000438116,1,2026/7/9,
100000449897,1,2026/7/9,
100000449898,1,2026/7/10,
100000449899,1,2026/7/10,
100000449900,1,2026/7/11,
100000449902,1,2026/7/11,
100000449903,1,2026/7/13,
100000469656,1,2026/7/30,
100000469657,1,2026/8/2,
100000474132,1,2026/8/2,
100000474134,1,2026/8/2,
100000487879,1,2026/8/3,
100000550225,1,2026/8/21,
100000550679,1,2026/8/22,
100000474177,1,2026/8/2,
100000474179,1,2026/8/2,
100000474180,1,2026/8/8,
100000474182,1,2026/8/9,
100000550236,1,2026/8/27,
100000550237,1,2026/8/1,
100000550238,1,2026/8/2,
100000550239,1,2026/8/3,
100000550240,1,2026/8/4,
100000550241,1,2026/8/5,
100000487998,1,2026/8/6,
100000487999,1,2026/8/7,
100000488000,1,2026/8/8,
100000551174,1,2026/8/9,
100000551176,1,2026/8/10,
100000514252,1,2026/8/11,
100000514260,1,2026/8/12,
100000551343,1,2026/8/13,
100000551345,1,2026/8/14,
100000551347,1,2026/8/15,
100000551349,1,2026/8/16,
100000537733,1,2026/8/17,
100000551599,1,2026/8/20,
100000597587,1,2026/8/20,
100000597827,1,2026/8/20,
100000437898,1,2026/7/5,
100000437899,1,2026/7/5,
100000438016,1,2026/7/2,
100000438017,1,2026/7/3,
100000438019,1,2026/7/4,
100000469565,1,2026/7/5,
100000469572,1,2026/7/5,
100000469573,1,2026/7/6,
100000469575,1,2026/7/7,
100000469576,1,2026/7/8,
100000469577,1,2026/7/9,
100000469578,1,2026/7/9,
100000469579,1,2026/7/10,
100000469580,1,2026/7/11,
100000469581,1,2026/7/12,
100000210412,1,2026/7/13,
100000282098,1,2026/7/13,
100000283627,1,2026/7/14,
100000414597,1,2026/7/15,
100000210428,1,2026/7/16,
100000210431,1,2026/7/17,
100000259920,1,2026/7/17,
100000283860,1,2026/7/18,
100000307255,1,2026/7/19,
100000414531,1,2026/7/20,
100000438018,1,2026/7/21,
100000469884,1,2026/7/21,
100000437769,1,2026/7/22,
100000469574,1,2026/7/23,
100000549988,1,2026/8/3,
100000549989,1,2026/8/4,
100000549990,1,2026/8/4,
100000549991,1,2026/8/5,
100000549992,1,2026/8/6,
100000549993,1,2026/8/7,
100000549994,1,2026/8/8,
100000549995,1,2026/8/8,
100000550376,1,2026/8/9,
100000550377,1,2026/8/10,
100000550378,1,2026/8/1,
100000550379,1,2026/8/2,
100000550381,1,2026/8/2,
100000550383,1,2026/8/3,
100000550385,1,2026/8/4,
100000550387,1,2026/8/5,
100000550389,1,2026/8/6,
100000550391,1,2026/8/6,
100000407515,1,2026/8/7,
100000407516,1,2026/8/8,
100000656565,1,2026/8/9,
100000264268,1,2026/8/10,
100000437895,1,2026/8/10,
100000437896,1,2026/8/11,
100000437897,1,2026/8/12,
100000656720,1,2026/8/13,
100000656721,1,2026/8/14,
100000656722,1,2026/8/14,
100000656723,1,2026/8/15,
100000469582,1,2026/8/16,
100000469660,1,2026/8/17,
100000469661,1,2026/8/18,
100000469662,1,2026/8/18,
100000469663,1,2026/8/19,
100000469664,1,2026/8/20,
100000469665,1,2026/8/21,
100000469666,1,2026/8/22,
100000469667,1,2026/8/22,
100000469668,1,2026/8/23,
100000656724,1,2026/8/24,
100000470059,1,2026/8/25,
100000470060,1,2026/8/26,
100000469887,1,2026/8/26,
100000470069,1,2026/8/27,
100000470070,1,2026/8/28,
100000470071,1,2026/8/29,
100000469894,1,2026/8/30,
100000469895,1,2026/8/30,
100000469900,1,2026/8/31,
100000469901,1,2026/8/2,
100000469902,1,2026/8/3,
100000469903,1,2026/8/4,
100000470077,1,2026/8/4,
100000470078,1,2026/8/5,
100000470079,1,2026/8/6,
100000470080,1,2026/8/7,
100000656518,1,2026/8/8,
100000656519,1,2026/8/8,
100000656520,1,2026/8/9,
100000656521,1,2026/8/10,
100000656522,1,2026/8/11,
100000656523,1,2026/8/12,
100000656524,1,2026/8/12,
100000656525,1,2026/8/13,
100000656526,1,2026/8/14,
100000656527,1,2026/8/15,
100000656528,1,2026/8/16,
100000656763,1,2026/8/16,
100000656764,1,2026/8/17,
100000656765,1,2026/8/18,
100000656766,1,2026/8/19,
100000025984,1,2026/8/20,
100000256986,1,2026/7/7,
100000256811,1,2026/7/11,
100000165637,1,2026/7/11,
100000165593,1,2026/7/8,
100000165768,1,2026/7/9,
100000165536,1,2026/7/9,
100000165674,1,2026/7/8,
100000165676,1,2026/7/8,
100000165677,1,2026/7/11,
100000165595,1,2026/7/11,
100000165539,1,2026/6/30,
100000165540,1,2026/6/30,
100000165541,1,2026/6/30,
100000165675,1,2026/7/13,
100000165592,1,2026/7/14,
100000165596,1,2026/7/14,
100000165535,1,2026/7/15,
100000165537,1,2026/7/15,
100000165538,1,2026/7/16,
100000549854,1,2026/7/26,
100000549855,1,2026/7/27,
100000549856,1,2026/7/27,
100000549857,1,2026/7/28,
100000549858,1,2026/7/28,
100000549859,1,2026/7/29,
100000549860,1,2026/7/29,
100000549861,1,2026/7/30,
100000549862,1,2026/7/30,
100000549863,1,2026/7/31,
100000549923,1,2026/7/31,
100000550790,1,2026/8/1,
100000550792,1,2026/8/1,
100000550794,1,2026/8/2,
100000551510,1,2026/8/2,
100000551512,1,2026/8/3,
100000551514,1,2026/8/3,
100000551516,1,2026/8/4,
100000551518,1,2026/8/4,
100000551520,1,2026/8/5,
100000551522,1,2026/8/5,
100000551525,1,2026/8/6,
100000551527,1,2026/8/6,
100000551529,1,2026/8/7,
100000165620,1,2026/7/28,
100000255211,1,2026/7/29,
100000255770,1,2026/7/29,
100000256161,1,2026/7/30,
100000215151,1,2026/7/30,
100000215153,1,2026/7/31,
100000215155,1,2026/7/31,
100000215157,1,2026/8/1,
100000215159,1,2026/8/1,
100000255065,1,2026/8/2,
100000255605,1,2026/8/2,
100000256117,1,2026/8/3,
100000256364,1,2026/8/3,
100000256400,1,2026/8/4,
100000256496,1,2026/8/4,
100000256603,1,2026/8/5,
100000256730,1,2026/8/5,
100000257010,1,2026/8/6,
100000165594,1,2026/8/6,
100000165769,1,2026/8/7,
100000254898,1,2026/8/7,
100000255291,1,2026/8/8,
100000255576,1,2026/8/8,
100000256091,1,2026/8/9,
100000256235,1,2026/8/9,
100000256279,1,2026/8/10,
100000256447,1,2026/8/10,
100000256590,1,2026/8/11,
100000256670,1,2026/8/11,
100000289295,1,2026/8/12,
100000215190,1,2026/8/12,
100000256451,1,2026/8/13,
100000549652,1,2026/8/13,
100000549653,1,2026/8/14,
100000549833,1,2026/8/14,
100000371845,1,2026/8/15,
100000371846,1,2026/8/15,
100000371847,1,2026/8/16,
100000371848,1,2026/8/16,
100000371849,1,2026/8/17,
100000371850,1,2026/8/17,
100000414561,1,2026/8/18,
100000549845,1,2026/8/18,
100000549846,1,2026/8/19,
100000551597,1,2026/8/19,
100000567992,1,2026/8/20,
100000567994,1,2026/8/20,
100000567996,1,2026/8/21,
100000568056,1,2026/8/21,
100000568058,1,2026/8/22,
100000568060,1,2026/8/22,
100000568061,1,2026/8/23,
100000568063,1,2026/8/23,
100000574077,1,2026/8/24,
100000574080,1,2026/8/24,
100000574083,1,2026/8/25,
100000574310,1,2026/8/25,
100000597641,1,2026/8/26,
100000597642,1,2026/8/26,
100000597643,1,2026/8/27,
100000597644,1,2026/8/27,
100000574095,1,2026/8/28,
100000574098,1,2026/8/28,
100000597421,1,2026/8/29,
100000597422,1,2026/8/29,
100000597429,1,2026/8/30,
100000597430,1,2026/8/30,
100000597431,1,2026/8/31,
100000597432,1,2026/8/31,
100000597433,1,2026/8/2,
100000622457,1,2026/8/2,
100000622458,1,2026/8/3,
100000622459,1,2026/8/3,
100000622460,1,2026/8/4,
100000622267,1,2026/8/4,
100000622268,1,2026/8/5,
100000622269,1,2026/8/5,
100000622399,1,2026/8/6,
100000622515,1,2026/8/6,
100000622516,1,2026/8/7,
100000622517,1,2026/8/7,
100000622518,1,2026/8/8,
100000622519,1,2026/8/8,
100000622520,1,2026/8/9,
100000622521,1,2026/8/9,
100000622522,1,2026/8/10,
100000622523,1,2026/8/10,
100000622279,1,2026/8/11,
100000622280,1,2026/8/11,
100000622281,1,2026/8/12,
100000622282,1,2026/8/12,
100000622283,1,2026/8/13,
100000622284,1,2026/8/13,
100000622285,1,2026/8/14,
100000622408,1,2026/8/14,
100000622409,1,2026/8/15,
100000622410,1,2026/8/15,
100000622411,1,2026/8/16,
100000622412,1,2026/8/16,
100000622413,1,2026/8/17,
100000622414,1,2026/8/17,
100000622415,1,2026/8/18,
100000622416,1,2026/8/18,
100000622527,1,2026/8/19,
100000622528,1,2026/8/19,
100000622529,1,2026/8/20,
100000622530,1,2026/8/20,
100000622531,1,2026/8/21,
100000622532,1,2026/8/21,
100000647174,1,2026/8/22,
100000255565,1,2026/7/9,
100000255098,1,2026/7/9,
100000255428,1,2026/7/9,
100000255599,1,2026/7/9,
100000206002,1,2026/7/10,
100000206003,1,2026/7/10,
100000254840,1,2026/7/10,
100000255321,1,2026/7/11,
100000255523,1,2026/7/11,
100000255771,1,2026/7/11,
100000255648,1,2026/7/12,
100000255876,1,2026/7/12,
100000255883,1,2026/7/12,
100000255490,1,2026/7/13,
100000255773,1,2026/7/13,
100000206004,1,2026/7/13,
100000255183,1,2026/7/14,
100000255169,1,2026/7/14,
100000255894,1,2026/7/14,
100000255943,1,2026/7/15,
100000256003,1,2026/7/15,
100000256069,1,2026/7/15,
100000256232,1,2026/7/16,
100000256355,1,2026/7/16,
100000256444,1,2026/7/16,
100000256457,1,2026/7/17,
100000256490,1,2026/7/17,
100000256675,1,2026/7/17,
100000256738,1,2026/7/18,
100000257056,1,2026/7/18,
100000550816,1,2026/7/18,
100000550818,1,2026/7/19,
100000550820,1,2026/7/19,
100000550822,1,2026/7/19,
100000551399,1,2026/7/20,
100000551400,1,2026/7/20,
100000551402,1,2026/7/20,
100000551404,1,2026/7/21,
100000551406,1,2026/7/21,
100000551408,1,2026/7/21,
100000255897,1,2026/7/22,
100000256616,1,2026/7/22,
100000256653,1,2026/7/22,
100000256893,1,2026/7/23,
100000410209,1,2026/7/23,
100000410211,1,2026/7/23,
100000410213,1,2026/7/24,
100000410215,1,2026/7/24,
100000255990,1,2026/7/24,
100000256228,1,2026/7/25,
100000256702,1,2026/7/25,
100000256769,1,2026/7/25,
100000256119,1,2026/7/26,
100000256342,1,2026/7/26,
100000259878,1,2026/7/26,
100000549831,1,2026/7/27,
100000549832,1,2026/7/27,
100000371779,1,2026/7/27,
100000414699,1,2026/7/28,
100000414700,1,2026/7/28,
100000550216,1,2026/7/28,
100000550218,1,2026/7/29,
100000567656,1,2026/8/8,
100000567658,1,2026/8/8,
100000567710,1,2026/8/9,
100000567711,1,2026/8/9,
100000567712,1,2026/8/9,
100000567713,1,2026/8/10,
100000567714,1,2026/8/10,
100000567715,1,2026/8/10,
100000567716,1,2026/8/1,
100000567717,1,2026/8/1,
100000567718,1,2026/8/1,
100000567719,1,2026/8/2,
100000567720,1,2026/8/2,
100000567721,1,2026/8/2,
100000567722,1,2026/8/3,
100000567723,1,2026/8/3,
100000567724,1,2026/8/3,
100000567725,1,2026/8/4,
100000567739,1,2026/8/4,
100000567740,1,2026/8/4,
100000574232,1,2026/8/5,
100000573816,1,2026/8/5,
100000573819,1,2026/8/5,
100000573822,1,2026/8/6,
100000573825,1,2026/8/6,
100000597639,1,2026/8/6,
100000597640,1,2026/8/7,
100000597691,1,2026/8/7,
100000597692,1,2026/8/7,
100000573841,1,2026/8/8,
100000573843,1,2026/8/8,
100000573846,1,2026/8/8,
100000597580,1,2026/8/9,
100000597581,1,2026/8/9,
100000597582,1,2026/8/9,
100000597583,1,2026/8/10,
100000597584,1,2026/8/10,
100000597585,1,2026/8/10,
100000597586,1,2026/8/11,
100000622204,1,2026/8/11,
100000622205,1,2026/8/11,
100000622206,1,2026/8/11,
100000622207,1,2026/8/12,
100000622208,1,2026/8/12,
100000622242,1,2026/8/12,
100000622243,1,2026/8/13,
100000622244,1,2026/8/13,
100000622372,1,2026/8/13,
100000622373,1,2026/8/14,
100000622374,1,2026/8/14,
100000622375,1,2026/8/14,
100000622376,1,2026/8/15,
100000622377,1,2026/8/15,
100000622378,1,2026/8/15,
100000622379,1,2026/8/16,
100000622380,1,2026/8/16,
100000622486,1,2026/8/16,
100000622487,1,2026/8/17,
100000622254,1,2026/8/17,
100000622255,1,2026/8/17,
100000622256,1,2026/8/18,
100000622257,1,2026/8/18,
100000622258,1,2026/8/18,
100000622259,1,2026/8/19,
100000622260,1,2026/8/19,
100000622261,1,2026/8/19,
100000622385,1,2026/8/20,
100000622386,1,2026/8/20,
100000622387,1,2026/8/20,
100000622388,1,2026/8/21,
100000622389,1,2026/8/21,
100000515112,6,2026/7/11,
100000561878,6,2026/7/26,
100000622564,6,2026/7/26,
100000629305,6,2026/7/28,
100000629479,6,2026/8/23,
100000629480,10,2026/8/23,
100000629481,2,2026/8/20,
100000006038,3,2026/7/6,
100000006046,6,2026/7/27,
100000111756,10,2026/7/12,
100000069803,4,2026/7/19,
100000069827,4,2026/7/19,
100000070464,1,2026/7/23,
100000129126,9,2026/7/23,
100000142666,2,2026/7/23,
100000152319,8,2026/7/23,
100000161770,4,2026/7/23,
100000163893,1,2026/7/23,
100000204139,8,2026/7/23,
100000210421,2,2026/7/23,
100000210440,6,2026/7/23,
100000514440,2,2026/7/1,
100000532100,2,2026/7/8,
100000532130,6,2026/7/8,
100000540922,10,2026/7/8,
100000540924,10,2026/7/8,
100000562441,10,2026/7/25,
100000562442,4,2026/7/25,
100000561902,10,2026/7/10,
100000561904,10,2026/7/10,
100000562313,10,2026/7/10,
100000597626,7,2026/8/3,
100000621954,2,2026/8/25,
100000597288,4,2026/8/11,
100000622018,4,2026/8/16,
100000622019,4,2026/8/16,
100000622020,4,2026/8/9,
100000622021,4,2026/8/10,
100000622022,1,2026/8/9,
100000291899,1,2026/8/27,
100000319574,1,2026/8/29,
100000338729,1,2026/8/6,
100000338720,1,2026/8/9,
100000338723,1,2026/8/22,
100000291846,1,2026/8/7,
100000291796,1,2026/8/17,
600000001576,1,2026/8/23,
600000001577,1,2026/8/24,
600000001578,1,2026/8/25,
600000001579,1,2026/8/6,
600000001580,1,2026/8/7,
600000001581,1,2026/8/8,
100000338834,1,2026/8/7,
100000371603,1,2026/8/21,
100000338953,1,2026/8/28,
100000292158,1,2026/8/23,
100000292209,1,2026/8/20,
100000438078,1,2026/8/24,
100000292154,1,2026/8/27,
100000319572,1,2026/8/21,
100000347598,1,2026/8/25,
100000371607,1,2026/8/23,
100000414472,1,2026/8/26,
100000291881,1,2026/8/26,
100000292147,1,2026/8/24,
100000319575,1,2026/8/29,
100000338360,1,2026/8/30,
100000338957,1,2026/8/25,
100000338725,1,2026/8/30,
100000338726,1,2026/8/31,
100000347599,1,2026/8/26,
100000367486,1,2026/8/31,
100000296830,1,2026/8/28,
100000319158,1,2026/8/27,
100000319157,1,2026/8/31,
100000371606,1,2026/8/29,
100000437982,1,2026/8/28,
100000566191,1,2026/8/2,
100000566192,1,2026/8/30,
100000566200,1,2026/8/29,
100000566202,1,2026/8/3,
100000566455,1,2026/8/31,
100000437980,1,2026/8/30,
100000566197,1,2026/8/4,
100000566198,1,2026/8/2,
100000566656,1,2026/8/31,
100000566412,1,2026/8/5,
100000291882,1,2026/8/3,
100000414471,1,2026/8/2,
100000566181,1,2026/8/6,
100000437981,1,2026/8/4,
100000566414,1,2026/8/3,
100000566416,1,2026/8/3,
100000566418,1,2026/8/5,
100000292149,1,2026/8/4,
100000292150,1,2026/8/4,
100000338956,1,2026/8/6,
100000566271,1,2026/8/5,
100000566278,1,2026/8/5,
100000437979,1,2026/8/7,
100000566452,1,2026/8/6,
100000622008,2,2026/7/1,
100000622009,2,2026/7/8,
100000540915,2,2026/7/18,
100000456048,10,2026/7/5,
100000470131,10,2026/7/5,
100000470132,10,2026/7/5,
100000470133,10,2026/7/5,
100000470134,6,2026/7/5,
100000485415,10,2026/7/5,
100000490813,10,2026/7/5,
100000490814,10,2026/7/5,
100000490815,10,2026/7/5,
100000490816,2,2026/7/5,
100000490904,10,2026/7/5,
100000490905,10,2026/7/5,
100000490906,10,2026/7/5,
100000490907,10,2026/7/5,
100000490908,10,2026/7/5,
100000490909,10,2026/7/5,
100000514332,10,2026/7/5,
100000515139,5,2026/7/5,
100000540328,4,2026/7/25,
100000353470,1,2026/7/14,
100000403510,1,2026/7/23,
100000374227,1,2026/7/23,
100000430924,1,2026/7/23,
100000490852,1,2026/7/30,
100000490854,1,2026/7/30,
100000490856,1,2026/7/15,
100000573406,1,2026/7/17,
100000573407,1,2026/7/19,
100000597575,1,2026/7/21,
100000597649,1,2026/8/9,
100000597650,1,2026/8/11,
100000597651,1,2026/8/13,
100000597661,1,2026/8/15,
100000573435,3,2026/7/16,
100000573571,10,2026/7/6,
100000656648,8,2026/8/21,
100000656860,10,2026/8/21,
100000656638,8,2026/8/21,
100000622191,4,2026/6/30,
100000573409,24,2026/6/30,
100000622176,12,2026/6/30,
100000622131,16,2026/6/30,
100000622068,40,2026/6/30,
100000573429,4,2026/6/30,
100000573493,16,2026/6/30,
100000573551,24,2026/6/30,
100000574368,4,2026/7/15,
100000574370,4,2026/7/15,
100000601189,4,2026/7/15,
100000622190,4,2026/8/4,
100000625490,4,2026/8/4,
100000625491,4,2026/8/4,
100000629047,4,2026/8/4,
100000629050,4,2026/8/4,
100000622086,24,2026/8/4,
100000622078,24,2026/8/4,
100000622485,96,2026/8/4,
100000625944,12,2026/8/4,
800000011499,1,2026/7/10,
800000011500,1,2026/7/10,
800000011501,1,2026/7/10,
100000551554,1,2026/7/14,
100000551560,1,2026/7/14,
100000550086,1,2026/7/14,
100000550088,1,2026/7/14,
100000550092,1,2026/7/14,
100000573375,40,2026/7/14,
100000622177,3,2026/7/8,
100000622132,4,2026/7/8,
100000622087,6,2026/7/8,
100000622069,12,2026/7/8,
100000622079,6,2026/7/8,
100000622363,2,2026/7/8,
100000551556,1,2026/7/14,
100000551558,1,2026/7/14,
100000551562,1,2026/7/14,
100000550087,1,2026/7/14,
100000550090,1,2026/7/14,
100000573376,40,2026/7/14,
100000622178,3,2026/7/8,
100000622133,4,2026/7/8,
100000622088,6,2026/7/8,
100000622070,12,2026/7/8,
100000622080,6,2026/7/8,
100000622364,2,2026/7/8,
100000659494,2,2026/8/17,
100000659496,2,2026/8/17,
100000659498,2,2026/8/17,
100000659500,2,2026/8/17,
100000659502,2,2026/8/17,
100000659504,2,2026/8/17,
100000257406,1,2026/7/17,
100000365944,1,2026/6/29,
100000255709,1,2026/7/12,
100000256779,1,2026/7/16,
100000204284,1,2026/7/10,
100000206247,1,2026/7/11,
100000255992,1,2026/7/13,
100000256486,1,2026/7/14,
100000338326,1,2026/7/16,
100000338327,1,2026/7/20,
100000367351,1,2026/7/20,
100000367618,1,2026/7/20,
100000367619,1,2026/7/30,
100000367620,1,2026/7/30,
100000374274,1,2026/7/30,
100000387551,1,2026/7/30,
100000387552,1,2026/8/16,
100000387553,1,2026/8/17,
100000606172,1,2026/8/18,
100000622231,1,2026/8/19,
100000622232,1,2026/8/20,
100000622233,1,2026/8/21,
100000629463,1,2026/8/25,
100000629464,1,2026/8/26,
100000629465,1,2026/8/27,
100000629431,1,2026/8/25,
100000629432,1,2026/8/29,
100000629433,1,2026/8/30,
100000629434,1,2026/8/31,
100000292060,1,2026/7/20,
100000292062,1,2026/7/23,
100000377311,1,2026/7/22,
100000338394,1,2026/8/2,
100000291853,1,2026/8/2,
100000291550,1,2026/8/2,
100000291660,1,2026/7/29,
100000291661,1,2026/7/27,
100000292063,1,2026/7/31,
100000469531,1,2026/7/28,
100000377180,1,2026/8/2,
100000487894,1,2026/8/3,
100000537703,1,2026/8/4,
100000567781,1,2026/8/5,
100000567828,1,2026/8/6,
100000567830,1,2026/8/7,
100000567831,1,2026/8/8,
100000567833,1,2026/8/9,
100000567843,1,2026/8/10,
100000567845,1,2026/8/1,
100000567846,1,2026/8/2,
100000567848,1,2026/8/18,
100000659280,1,2026/8/1,
100000659282,1,2026/8/1,
200000008776,1,2026/7/16,
200000006228,1,2026/6/29,
100000656332,1,2026/8/1,
100000625698,1,2026/7/23,
100000625699,1,2026/7/23,
100000629528,1,2026/7/29,
100000629529,1,2026/7/29,
100000625819,1,2026/7/23,
100000629100,1,2026/7/29,
100000656529,1,2026/8/2,
100000549996,1,2026/8/16,
100000550402,1,2026/8/18,
100000550404,1,2026/8/20,
100000550406,1,2026/8/22,
100000550409,1,2026/8/9,
100000550411,1,2026/8/11,
100000550412,1,2026/8/13,
100000549622,1,2026/8/15,
100000549623,1,2026/8/17,
100000323252,1,2026/7/25,
100000323253,1,2026/8/21,
100000323254,1,2026/8/6,
100000323255,1,2026/8/25,
100000550246,1,2026/8/27,
100000550347,1,2026/8/6,
100000550348,1,2026/8/2,
100000488011,1,2026/7/23,
100000488013,1,2026/8/6,
100000487876,1,2026/7/23,
100000487902,2,2026/7/31,
100000597624,2,2026/8/21,
100000487926,4,2026/7/31,
100000490704,2,2026/7/31,
100000540722,2,2026/7/30,
100000562288,4,2026/8/6,
100000597703,4,2026/8/21,
100000597398,4,2026/8/7,
100000597399,4,2026/8/21,
100000522046,1,2026/7/1,
800000006765,1,2026/6/29,
100000521468,1,2026/7/3,
100000522733,1,2026/7/4,
100000469458,1,2026/7/6,
100000518965,1,2026/7/7,
100000469927,1,2026/7/12,
800000005803,1,2026/7/13,
100000469928,1,2026/7/14,
100000469923,1,2026/7/15,
100000469926,1,2026/7/16,
100000469924,1,2026/7/17,
100000469925,1,2026/7/18,
100000469929,1,2026/7/19,
100000469930,1,2026/7/20,
100000469932,1,2026/7/21,
100000469933,1,2026/7/22,
100000469931,1,2026/7/23,
100000469934,1,2026/7/24,
800000006781,1,2026/7/25,
100000567681,1,2026/7/26,
100000567976,1,2026/7/27,
100000519225,1,2026/7/28,
100000520260,1,2026/7/29,
100000521133,1,2026/7/30,
100000523045,1,2026/7/31,
100000469935,1,2026/8/1,
100000469936,1,2026/8/2,
100000469937,1,2026/8/3,
100000469938,1,2026/8/4,
100000469939,1,2026/8/5,
100000469940,1,2026/8/6,
100000518131,1,2026/8/7,
100000518671,1,2026/8/8,
100000519489,1,2026/8/9,
100000519905,1,2026/8/10,
100000520615,1,2026/8/11,
100000521190,1,2026/8/12,
100000521704,1,2026/8/13,
100000522014,1,2026/8/14,
100000522587,1,2026/8/15,
100000568006,1,2026/8/16,
100000568008,1,2026/8/17,
100000568010,1,2026/8/18,
100000568017,1,2026/8/19,
100000568019,1,2026/8/20,
100000568021,1,2026/8/21,
100000568023,1,2026/8/22,
100000568025,1,2026/8/23,
100000568027,1,2026/8/24,
100000568029,1,2026/8/25,
100000568031,1,2026/8/26,
100000568033,1,2026/8/27,
100000568035,1,2026/8/28,
100000568218,1,2026/8/29,
100000568221,1,2026/8/30,
100000568224,1,2026/8/31,
100000568227,1,2026/8/2,
100000568230,1,2026/8/3,
100000568244,1,2026/8/4,
100000597932,1,2026/8/5,
100000629500,1,2026/8/6,
100000635745,1,2026/8/7,
100000635746,1,2026/8/8,
800000006766,1,2026/8/9,
800000006767,1,2026/8/10,
800000006768,1,2026/8/11,
800000006769,1,2026/8/12,
800000006770,1,2026/8/13,
800000006771,1,2026/8/14,
800000006772,1,2026/8/15,
800000006773,1,2026/8/16,
800000006774,1,2026/8/17,
800000006775,1,2026/8/18,
800000006776,1,2026/8/19,
800000006777,1,2026/8/20,
800000006778,1,2026/8/21,
800000006779,1,2026/8/22,
800000006780,1,2026/8/23,
800000006782,1,2026/8/24,
800000006784,1,2026/8/25,
100000238884,1,2026/8/2,
100000377175,1,2026/8/2,
100000259723,1,2026/8/2,
100000377182,1,2026/8/2,
100000490750,2,2026/8/2,
100000487941,1,2026/7/27,
100000487929,1,2026/7/7,
100000490862,1,2026/7/30,
100000490863,1,2026/7/19,
100000490864,1,2026/7/20,
100000507909,1,2026/7/21,
100000487970,1,2026/7/22,
100000567886,1,2026/7/23,
100000567888,1,2026/8/20,
100000163792,1,2026/7/10,
100000287923,1,2026/7/10,
100000379492,1,2026/7/10,
100000387498,1,2026/7/10,
100000387496,1,2026/8/6,
100000033015,1,2026/7/23,
100000033019,1,2026/8/2,
100000033017,1,2026/7/30,
100000033144,1,2026/7/23,
100000068271,1,2026/7/27,
100000238881,1,2026/7/27,
100000244404,1,2026/7/27,
100000307511,1,2026/7/27,
100000068270,1,2026/8/3,
100000068339,1,2026/8/3,
100000367134,1,2026/8/20,
100000250307,1,2026/7/19,
100000259787,1,2026/7/24,
100000263909,1,2026/7/24,
100000269336,1,2026/7/28,
100000277944,1,2026/7/20,
100000238870,1,2026/7/17,
100000284050,1,2026/7/20,
100000567769,1,2026/8/20,
100000597657,2,2026/8/25,
100000597537,2,2026/8/10,
800000013231,1,2026/7/4,
800000013225,1,2026/7/9,
800000013226,1,2026/7/16,
800000013222,1,2026/7/9,
800000013228,1,2026/7/9,
800000013224,1,2026/7/9,
100000567727,1,2026/8/2,
100000601040,1,2026/8/3,
100000601042,1,2026/8/7,
100000601093,1,2026/8/8,
100000601095,1,2026/8/9,
100000663219,1,2026/8/1,
800000013215,1,2026/7/9,
800000013218,1,2026/7/9,
800000013212,1,2026/7/16,
800000013213,1,2026/7/12,
800000013216,1,2026/7/12,
800000013219,1,2026/7/12,
800000013221,1,2026/7/12,
800000013217,1,2026/7/16,
100000629429,1,2026/8/26,
100000629430,1,2026/8/27,
100000562347,1,2026/8/1,
100000597510,4,2026/7/13,
100000597931,1,2026/7/14,
100000597290,3,2026/7/15,
100000621992,4,2026/7/16,
100000621993,4,2026/7/17,
100000621994,4,2026/7/18,
100000621995,4,2026/7/19,
100000622085,4,2026/7/20,
100000629330,4,2026/7/21,
100000629331,4,2026/7/22,
100000629332,4,2026/7/23,
100000629333,4,2026/7/24,
100000629334,1,2026/7/25,
100000621996,2,2026/7/26,
100000621997,4,2026/7/27,
100000621998,4,2026/7/28,
100000629335,4,2026/7/29,
100000629336,4,2026/7/30,
100000635580,2,2026/7/31,
100000622450,2,2026/7/8,
100000622451,4,2026/7/15,
100000622327,2,2026/7/8,
100000629306,1,2026/7/18,
100000635841,1,2026/8/15,
100000635848,1,2026/8/15,
100000635475,1,2026/7/22,
100000659531,1,2026/8/15,
100000469962,2,2026/7/20,
100000540886,2,2026/8/2,
100000621990,4,2026/7/8,
100000629326,2,2026/7/18,
100000621991,8,2026/7/11,
100000622062,4,2026/7/18,
100000635590,2,2026/8/15,
100000659620,6,2026/8/15,
100000526521,1,2026/7/20,
100000526538,1,2026/7/10,
100000526543,3,2026/7/4,
100000526975,1,2026/8/1,
100000526842,2,2026/7/27,
100000531969,2,2026/7/11,
100000540278,1,2026/8/4,
100000319559,1,2026/7/3,
100000347694,1,2026/6/29,
100000347771,1,2026/7/3,
100000367638,1,2026/7/4,
100000371662,1,2026/7/5,
100000387615,3,2026/7/6,
100000388339,1,2026/6/29,
100000367505,1,2026/7/3,
100000387644,1,2026/7/4,
100000622446,2,2026/7/8,
100000629304,1,2026/7/18,
100000622447,4,2026/7/11,
100000622448,2,2026/7/18,
100000635503,1,2026/8/2,
100000659510,3,2026/8/2,
100000267873,1,2026/6/29,
100000283814,1,2026/7/1,
100000293926,1,2026/7/20,
100000294081,1,2026/7/20,
100000296872,1,2026/7/6,
100000323321,1,2026/7/20,
100000338575,1,2026/7/20,
100000338431,1,2026/7/20,
100000338787,1,2026/7/20,
100000338788,1,2026/7/20,
100000338789,1,2026/7/20,
100000338790,1,2026/7/20,
100000338791,1,2026/7/20,
100000387870,1,2026/7/17,
100000387872,1,2026/7/20,
100000387874,1,2026/7/20,
100000347750,1,2026/7/23,
100000347751,1,2026/7/26,
100000367513,1,2026/7/27,
100000371616,1,2026/7/28,
100000387475,1,2026/7/29,
100000387476,1,2026/7/30,
100000387556,1,2026/7/9,
100000388158,1,2026/7/20,
100000388159,1,2026/8/7,
100000388160,1,2026/8/7,
100000532114,1,2026/7/23,
100000532115,1,2026/7/27,
100000558239,1,2026/7/27,
100000597547,1,2026/8/6,
100000597548,1,2026/8/30,
100000597415,1,2026/8/3,
100000597416,1,2026/8/3,
100000621966,1,2026/7/18,
100000621967,1,2026/7/18,
100000622109,1,2026/8/5,
100000622369,1,2026/8/5,
100000622370,1,2026/8/5,
100000647158,1,2026/8/18,
100000647159,1,2026/8/18,
100000647173,1,2026/8/24,
100000647219,1,2026/8/17,
100000647208,1,2026/8/17,
100000257194,1,2026/7/11,
100000387605,1,2026/7/10,
100000124342,2,2026/6/29,
800000002160,1,2026/7/7,
100000366196,1,2026/6/29,
100000366201,1,2026/7/3,
100000366207,1,2026/7/4,
100000387604,1,2026/7/5,
100000437911,1,2026/7/20,
100000387500,1,2026/7/15,
100000366204,1,2026/7/12,
100000387603,1,2026/7/20,
100000371681,1,2026/7/20,
100000388233,1,2026/7/20,
100000514820,1,2026/7/20,
100000514913,1,2026/7/23,
100000558408,1,2026/7/30,
100000558251,1,2026/7/23,
100000567904,1,2026/7/30,
100000597418,1,2026/8/2,
100000597419,1,2026/8/2,
100000597420,1,2026/8/2,
100000621968,1,2026/8/9,
100000621969,1,2026/8/9,
100000622444,1,2026/8/9,
100000622445,1,2026/8/9,
100000663178,1,2026/8/17,
100000622059,2,2026/7/11,
100000622060,2,2026/7/15,
100000629321,1,2026/8/15,
100000622061,4,2026/7/18,
100000635603,1,2026/8/15,
100000540960,4,2026/8/2,
100000629307,4,2026/7/18,
100000622329,8,2026/7/11,
100000622330,10,2026/7/15,
100000622331,6,2026/7/18,
100000622328,8,2026/7/8,
100000635613,4,2026/8/17,
100000659252,4,2026/8/17,
100000659466,8,2026/8/17,
100000387563,8,2026/7/5,
100000515151,2,2026/7/30,
100000531967,2,2026/7/30,
100000540884,6,2026/7/30,
100000621983,10,2026/7/8,
100000621984,2,2026/7/9,
100000621985,10,2026/7/10,
100000621986,2,2026/7/11,
100000629325,6,2026/7/12,
100000621987,10,2026/7/13,
100000621988,10,2026/7/14,
100000621989,4,2026/7/15,
100000656732,6,2026/8/15,
100000659616,10,2026/8/15,
100000659618,8,2026/8/17,
100000347616,1,2026/6/29,
100000387501,1,2026/7/6,
100000367231,1,2026/6/29,
100000367240,1,2026/7/3,
100000367242,1,2026/7/4,
100000367245,1,2026/7/5,
100000367247,1,2026/7/6,
100000387811,1,2026/7/7,
100000514625,1,2026/7/19,
100000514753,1,2026/7/18,
100000367238,1,2026/7/26,
100000469648,1,2026/7/30,
100000529910,1,2026/7/30,
100000532119,1,2026/8/2,
100000540995,1,2026/8/2,
100000597317,1,2026/7/26,
100000597318,1,2026/7/16,
100000597319,1,2026/7/15,
100000597320,1,2026/7/14,
100000621964,1,2026/8/9,
100000621965,1,2026/8/9,
100000622081,1,2026/8/9,
100000622082,1,2026/8/14,
100000663180,1,2026/8/17,
100000257214,1,2026/7/13,
100000387372,1,2026/7/16,
100000469463,1,2026/7/23,
100000371659,1,2026/7/16,
100000204257,1,2026/7/9,
100000485283,1,2026/7/23,
100000366470,1,2026/7/16,
100000388065,1,2026/7/16,
100000388324,1,2026/7/16,
100000388325,1,2026/7/16,
100000388326,1,2026/7/23,
100000502124,1,2026/7/23,
100000532085,1,2026/7/23,
100000532086,1,2026/7/23,
100000532087,1,2026/7/26,
100000532088,1,2026/7/26,
100000616378,1,2026/7/26,
100000621981,1,2026/7/12,
100000622347,1,2026/7/13,
100000622348,1,2026/7/13,
100000622349,1,2026/7/14,
100000622350,1,2026/7/14,
100000622351,1,2026/7/15,
100000622352,1,2026/7/15,
100000656492,1,2026/8/15,
100000656493,1,2026/8/15,
100000656539,1,2026/8/15,
100000656733,1,2026/8/15,
100000526707,1,2026/7/7,
100000526960,1,2026/7/4,
100000526544,3,2026/6/29,
100000526985,1,2026/7/10,
100000526986,2,2026/8/1,
100000531908,2,2026/7/11,
100000540913,1,2026/7/21,
100000338534,1,2026/6/29,
100000070151,1,2026/6/29,
100000170000,1,2026/7/7,
100000161887,1,2026/7/7,
100000387640,1,2026/6/29,
100000347752,1,2026/7/7,
100000347753,1,2026/7/7,
100000371879,1,2026/7/5,
100000387561,3,2026/6/29,
100000387622,1,2026/6/29,
100000622332,2,2026/7/4,
100000629308,1,2026/7/18,
100000622333,2,2026/7/11,
100000622334,4,2026/7/15,
100000635483,1,2026/8/17,
100000659241,1,2026/8/17,
100000659470,2,2026/8/17,
800000011570,1,2026/6/29,
800000011574,1,2026/6/29,
100000566267,1,2026/6/29,
100000566385,1,2026/6/29,
100000566263,1,2026/6/29,
100000566269,1,2026/7/7,
100000566383,1,2026/6/29,
100000566387,1,2026/7/23,
100000566389,1,2026/7/23,
100000566391,1,2026/7/26,
100000566143,1,2026/7/2,
100000566145,1,2026/7/2,
100000566147,1,2026/7/2,
100000566149,1,2026/7/2,
100000566633,1,2026/7/26,
100000566540,1,2026/7/26,
100000566664,1,2026/7/26,
100000566665,1,2026/7/26,
100000338389,1,2026/8/3,
100000371688,1,2026/8/12,
100000387491,1,2026/8/12,
100000339012,2,2026/8/3,
100000339013,2,2026/8/3,
100000438122,1,2026/8/4,
100000540488,1,2026/7/18,
100000540494,1,2026/7/20,
100000540496,1,2026/7/20,
100000540498,1,2026/7/23,
100000540732,1,2026/7/15,
100000540578,1,2026/7/20,
100000540500,1,2026/7/19,
100000540730,1,2026/7/18,
100000540736,1,2026/7/14,
100000540576,1,2026/7/20,
100000540580,1,2026/7/23,
100000540486,1,2026/7/19,
100000540490,1,2026/7/16,
100000540492,1,2026/7/15,
100000540734,1,2026/7/15,
800000012644,1,2026/7/16,
100000430879,1,2026/7/3,
100000256558,1,2026/7/4,
100000256058,1,2026/7/3,
800000012636,1,2026/7/16,
800000012637,1,2026/7/16,
800000012638,1,2026/7/16,
800000012639,1,2026/7/16,
800000012640,1,2026/7/16,
800000012641,1,2026/7/18,
800000012642,1,2026/7/19,
800000012643,1,2026/7/20,
100000551098,1,2026/7/21,
100000551667,1,2026/7/18,
100000551678,1,2026/7/20,
100000550138,1,2026/7/22,
100000550144,1,2026/7/23,
100000550254,1,2026/7/25,
100000254887,1,2026/7/11,
100000255404,1,2026/6/29,
100000396419,1,2026/7/5,
100000256861,1,2026/7/6,
100000257014,1,2026/6/29,
100000257159,1,2026/7/3,
100000414254,1,2026/7/10,
100000255467,1,2026/7/5,
100000255796,1,2026/7/5,
100000256901,1,2026/7/5,
100000257137,1,2026/7/6,
100000256112,1,2026/7/6,
100000256947,1,2026/6/29,
100000255871,1,2026/7/3,
100000256162,1,2026/7/3,
100000256912,1,2026/7/3,
100000430880,1,2026/7/4,
100000256840,1,2026/7/4,
100000396418,1,2026/7/4,
100000431191,1,2026/7/5,
100000430984,1,2026/7/5,
100000430986,1,2026/7/6,
100000430988,1,2026/7/6,
100000549968,1,2026/8/5,
100000549969,1,2026/8/6,
100000549970,1,2026/8/6,
100000549971,1,2026/8/7,
100000550920,1,2026/7/13,
100000550922,1,2026/7/13,
100000549585,1,2026/8/1,
100000549586,1,2026/8/2,
100000549797,1,2026/8/4,
100000549798,1,2026/8/4,
100000551670,1,2026/7/18,
100000551672,1,2026/7/19,
100000551674,1,2026/7/19,
100000551677,1,2026/7/19,
100000551680,1,2026/7/20,
100000551682,1,2026/7/20,
100000551684,1,2026/7/21,
100000551687,1,2026/7/21,
100000549801,1,2026/8/5,
100000549740,1,2026/8/2,
100000549741,1,2026/8/3,
100000550136,1,2026/8/7,
100000550141,1,2026/7/23,
100000550146,1,2026/7/23,
100000550148,1,2026/7/24,
100000550150,1,2026/7/24,
100000550152,1,2026/7/24,
100000549750,1,2026/8/3,
100000550255,1,2026/7/25,
100000550256,1,2026/7/26,
100000256244,1,2026/7/18,
100000414490,1,2026/7/18,
100000414492,1,2026/7/18,
100000360435,1,2026/7/18,
100000360436,1,2026/7/16,
100000367109,1,2026/7/16,
100000367110,1,2026/7/16,
100000414497,1,2026/7/15,
100000067974,2,2026/7/10,
100000109133,2,2026/7/10,
100000067180,1,2026/7/10,
100000068632,2,2026/7/2,
100000033577,1,2026/7/5,
100000430785,1,2026/7/7,
100000033148,1,2026/7/10,
100000033159,1,2026/7/3,
100000518037,1,2026/7/19,
100000518525,1,2026/7/10,
100000521969,1,2026/7/28,
100000520073,1,2026/7/13,
100000521278,1,2026/7/14,
100000521439,1,2026/7/28,
100000521710,1,2026/7/15,
100000522094,1,2026/7/16,
100000522344,1,2026/7/28,
100000522524,1,2026/7/28,
100000522719,1,2026/7/28,
100000522985,1,2026/7/28,
100000522994,1,2026/7/18,
100000519036,1,2026/7/11,
100000519701,1,2026/7/11,
100000522960,1,2026/7/9,
100000519579,1,2026/7/12,
100000520904,1,2026/7/14,
100000521094,1,2026/7/14,
100000521951,1,2026/7/15,
100000522092,1,2026/7/15,
100000522173,1,2026/7/16,
800000012537,1,2026/7/18,
800000012538,1,2026/7/18,
800000012539,1,2026/7/16,
800000012540,1,2026/7/16,
800000012541,1,2026/7/16,
800000012542,1,2026/7/15,
800000012543,1,2026/7/15,
800000012544,1,2026/7/15,
800000012545,1,2026/7/14,
100000522320,1,2026/7/8,
100000522583,1,2026/7/8,
100000522678,1,2026/7/8,
100000522776,1,2026/7/19,
100000519451,1,2026/7/19,
100000520351,1,2026/7/10,
100000521210,1,2026/7/10,
100000522346,1,2026/7/10,
100000522631,1,2026/7/11,
100000520201,1,2026/7/5,
100000521550,1,2026/7/5,
100000521934,1,2026/7/5,
100000518643,1,2026/7/6,
100000518687,1,2026/7/6,
100000519174,1,2026/7/6,
100000519542,1,2026/7/7,
100000519806,1,2026/7/7,
100000520125,1,2026/7/7,
100000520193,1,2026/7/8,
100000521861,1,2026/7/8,
100000522378,1,2026/7/8,
100000522431,1,2026/7/9,
100000522860,1,2026/7/9,
100000519434,1,2026/7/10,
100000520220,1,2026/7/10,
100000520794,1,2026/7/11,
100000521856,1,2026/7/11,
100000522410,1,2026/7/11,
100000522765,1,2026/7/12,
100000521405,1,2026/7/12,
100000532113,1,2026/7/16,
100000540403,1,2026/7/26,
100000540405,1,2026/7/26,
100000540407,1,2026/7/27,
100000540409,1,2026/7/27,
100000540411,1,2026/7/27,
100000540413,1,2026/7/28,
100000540415,1,2026/7/28,
100000540417,1,2026/7/28,
100000540903,1,2026/7/29,
100000550036,1,2026/7/29,
100000550037,1,2026/7/29,
100000550038,1,2026/7/30,
100000550039,1,2026/7/30,
100000550040,1,2026/7/30,
100000550041,1,2026/7/31,
100000550042,1,2026/7/31,
100000550043,1,2026/7/31,
100000550044,1,2026/8/1,
100000550045,1,2026/8/1,
100000551182,1,2026/8/1,
100000551184,1,2026/8/2,
100000551186,1,2026/8/2,
100000551188,1,2026/8/2,
800000004390,1,2026/8/16,
200000008661,5,2026/8/4,
100000414495,2,2026/8/31,
100000430799,2,2026/8/31,
100000431134,1,2026/8/4,
100000449629,1,2026/8/4,
100000540724,1,2026/8/4,
100000558349,1,2026/8/4,
100000068704,1,2026/7/10,
100000069863,1,2026/7/10,
100000068476,1,2026/7/10,
100000068698,1,2026/7/10,
100000069864,1,2026/8/27,
100000013178,1,2026/7/17,
100000013153,1,2026/7/17,
100000485229,4,2026/7/5,
100000469539,4,2026/7/3,
100000470151,4,2026/7/3,
100000551074,4,2026/7/23,
100000551076,4,2026/7/24,
100000551078,4,2026/7/25,
100000551080,4,2026/7/26,
100000551082,4,2026/7/27,
100000551084,4,2026/7/28,
100000551086,2,2026/8/25,
100000438161,4,2026/7/27,
100000469537,2,2026/7/31,
100000469538,2,2026/8/1,
100000549802,2,2026/8/2,
100000540970,2,2026/8/3,
100000550205,2,2026/7/25,
100000629327,2,2026/8/5,
100000635672,4,2026/8/6,
100000635673,4,2026/8/7,
100000635674,4,2026/8/8,
100000635675,4,2026/8/9,
100000469716,2,2026/7/22,
100000371957,2,2026/7/23,
100000438084,6,2026/7/19,
100000438085,2,2026/7/14,
100000469816,6,2026/7/21,
100000485332,6,2026/7/20,
100000469717,4,2026/7/4,
100000485345,4,2026/7/15,
100000485346,4,2026/8/1,
100000514258,4,2026/7/5,
100000514597,4,2026/7/5,
100000561921,4,2026/8/22,
100000561923,4,2026/8/22,
100000597920,4,2026/7/29,
100000598054,4,2026/7/30,
100000597591,4,2026/7/31,
100000597324,6,2026/8/1,
100000597325,2,2026/8/2,
100000616603,6,2026/8/3,
100000616606,6,2026/8/4,
100000629250,6,2026/8/5,
100000629251,2,2026/8/6,
100000622002,6,2026/8/7,
100000622004,2,2026/8/8,
100000629337,6,2026/8/9,
100000629338,6,2026/8/10,
100000629339,4,2026/8/11,
100000635566,6,2026/8/12,
100000635568,6,2026/8/13,
100000635570,6,2026/8/14,
100000635572,6,2026/8/15,
100000635574,6,2026/8/17,
100000635576,2,2026/8/17,
100000267847,1,2026/8/7,
100000267848,1,2026/8/7,
100000267849,1,2026/7/18,
100000267850,1,2026/7/16,
100000267851,1,2026/8/11,
100000267784,1,2026/8/11,
100000267785,1,2026/8/30,
100000267786,1,2026/8/30,
100000267787,1,2026/8/5,
100000267788,1,2026/8/2,
100000562067,12,2026/7/13,
100000562069,12,2026/7/13,
100000562200,12,2026/7/13,
100000562201,12,2026/7/13,
100000562203,6,2026/7/13,
100000562205,12,2026/7/24,
100000562207,12,2026/7/24,
100000562209,12,2026/7/24,
100000562211,12,2026/7/24,
100000598055,12,2026/8/6,
100000598056,12,2026/8/6,
100000597947,12,2026/7/30,
100000597948,12,2026/8/3,
100000597949,12,2026/8/3,
100000635555,12,2026/8/8,
100000635557,12,2026/8/8,
100000514893,2,2026/7/3,
100000561885,3,2026/7/13,
100000561914,4,2026/7/13,
100000561916,1,2026/8/20,
100000561917,2,2026/8/20,
100000597383,2,2026/8/10,
100000597390,2,2026/8/3,
100000635482,2,2026/8/12,
100000067023,1,2026/7/1,
100000070044,1,2026/7/4,
100000256690,1,2026/7/1,
100000256543,1,2026/6/29,
100000255506,1,2026/7/3,
100000255498,1,2026/7/4,
100000067622,1,2026/8/1,
100000070047,1,2026/8/2,
100000256448,1,2026/7/18,
100000255002,1,2026/7/4,
100000561817,1,2026/7/5,
100000561819,1,2026/7/12,
100000561836,1,2026/7/4,
100000597503,1,2026/7/5,
100000597499,1,2026/7/6,
100000656455,1,2026/8/4,
100000597599,1,2026/8/3,
100000067673,1,2026/7/5,
100000067606,1,2026/7/10,
100000067608,1,2026/7/10,
100000067610,1,2026/7/19,
100000067613,1,2026/7/14,
100000067615,1,2026/7/14,
100000067619,1,2026/7/18,
100000255258,1,2026/7/3,
100000256022,1,2026/7/4,
100000256092,1,2026/7/5,
100000256152,1,2026/7/6,
100000256287,1,2026/7/7,
100000255466,1,2026/7/6,
100000256260,1,2026/6/29,
100000142729,1,2026/7/7,
100000142624,1,2026/7/19,
100000161928,1,2026/7/19,
100000161929,1,2026/7/19,
100000170083,1,2026/7/3,
100000256536,1,2026/7/9,
100000067464,1,2026/7/5,
100000067611,1,2026/7/6,
100000067617,1,2026/7/5,
100000256363,1,2026/7/3,
100000255896,1,2026/7/20,
100000561986,1,2026/8/10,
100000561988,1,2026/8/10,
100000561989,1,2026/8/13,
100000255243,1,2026/7/30,
100000644191,1,2026/7/5,
100000644272,1,2026/8/15,
100000644275,1,2026/8/30,
100000471418,2,2026/7/28,
100000471420,2,2026/8/4,
100000532159,1,2026/8/2,
100000540607,1,2026/8/19,
100000597814,1,2026/7/29,
100000561883,1,2026/7/22,
100000597918,1,2026/7/29,
100000597546,1,2026/7/29,
100000597387,1,2026/7/25,
100000597388,1,2026/7/25,
100000507851,1,2026/6/29,
100000507852,1,2026/6/29,
100000629532,4,2026/8/12,
100000629533,2,2026/8/12,
100000387613,1,2026/8/15,
100000367560,1,2026/8/8,
100000366881,1,2026/8/11,
100000300580,1,2026/7/28,
100000300499,1,2026/7/19,
100000300565,1,2026/7/20,
100000550338,1,2026/8/18,
100000550339,1,2026/8/18,
100000550799,1,2026/8/12,
100000367497,1,2026/8/5,
100000367562,1,2026/8/8,
100000322821,1,2026/8/7,
100000300609,1,2026/7/30,
100000300611,1,2026/7/30,
100000300614,1,2026/8/9,
100000300529,1,2026/7/30,
100000550345,1,2026/8/11,
100000550801,1,2026/8/12,
100000550803,1,2026/8/13,
100000387696,1,2026/8/10,
100000300579,1,2026/8/11,
100000366056,1,2026/8/13,
100000366885,1,2026/8/9,
100000366887,1,2026/8/14,
100000387612,1,2026/8/14,
100000550341,1,2026/8/19,
100000550342,1,2026/8/11,
100000300503,1,2026/7/30,
100000300563,1,2026/7/30,
100000550340,1,2026/8/19,
100000300530,1,2026/8/16,
100000300481,1,2026/7/30,
100000366162,1,2026/8/18,
100000529864,1,2026/8/2,
100000529993,1,2026/8/12,
100000540369,1,2026/8/13,
100000585942,1,2026/8/12,
100000601105,1,2026/8/13,
100000387347,1,2026/7/10,
100000322681,3,2026/7/10,
100000474061,3,2026/6/29,
100000262437,1,2026/7/8,
100000635542,2,2026/7/16,
100000518774,2,2026/7/4,
100000521653,2,2026/7/25,
100000520622,2,2026/7/25,
100000522146,2,2026/8/1,
100000522299,2,2026/8/19,
100000519023,2,2026/7/23,
100000519373,4,2026/7/4,
100000521739,2,2026/8/1,
100000519011,2,2026/7/3,
100000518365,2,2026/6/29,
100000522981,2,2026/8/12,
100000521904,4,2026/8/12,
100000635544,4,2026/8/26,
100000259719,2,2026/7/21,
100000427359,1,2026/7/17,
100000166990,1,2026/7/13,
100000365966,1,2026/7/7,
100000366921,1,2026/7/13,
100000606226,1,2026/7/9,
100000629195,1,2026/8/14,
100000622398,1,2026/8/16,
600000001207,58,2026/8/4,
100000365788,1,2026/8/4,
100000347443,1,2026/8/4,
100000365792,1,2026/8/4,
100000365934,1,2026/8/4,
100000163804,1,2026/8/4,
100000076925,8,2026/7/21,
100000514732,8,2026/7/30,
100000598170,8,2026/7/30,
100000616684,8,2026/7/30,
100000622188,8,2026/7/30,
100000622443,4,2026/7/12,
100000540739,2,2026/7/10,
100000540706,4,2026/7/10,
100000540565,2,2026/7/10,
100000540202,2,2026/7/10,
100000540329,2,2026/7/10,
100000304328,1,2026/7/2,
100000428503,1,2026/7/3,
100000428569,1,2026/7/3,
100000585941,4,2026/7/14,
100000561868,1,2026/8/2,
100000622083,2,2026/7/26,
100000622084,2,2026/7/26,
100000629328,2,2026/8/2,
100000629329,2,2026/8/2,
100000629482,1,2026/7/11,
100000629483,2,2026/7/18,
100000629484,1,2026/7/18,
100000597739,1,2026/7/8,
100000597426,1,2026/8/2,
100000597531,2,2026/7/8,
100000601082,2,2026/7/15,
100000616689,1,2026/7/22,
100000622462,3,2026/7/22,
100000635645,2,2026/8/4,
100000502095,1,2026/9/5,
100000502203,1,2026/9/5,
100000558211,1,2026/8/25,
100000514599,1,2026/8/18,
100000456013,12,2026/7/20,
100000550393,4,2026/7/23,
100000550395,4,2026/7/26,
100000550400,1,2026/7/29,
100000338364,2,2026/7/8,
100000338743,3,2026/7/8,
100000449513,1,2026/6/29,
100000550428,1,2026/7/29,
100000367506,1,2026/7/9,
100000367507,1,2026/7/9,
100000366506,4,2026/7/10,
100000366509,1,2026/6/29,
100000551092,1,2026/7/29,
100000550007,4,2026/7/17,
100000387629,4,2026/7/11,
100000450110,1,2026/6/29,
100000550398,4,2026/7/30,
100000485375,9,2026/7/13,
100000490674,1,2026/7/13,
100000566631,8,2026/7/10,
100000566172,2,2026/7/10,
100000566174,2,2026/7/10,
100000597695,16,2026/7/13,
100000597604,4,2026/7/14,
100000597605,20,2026/7/15,
100000323060,1,2026/7/6,
100000323079,1,2026/7/14,
100000606159,1,2026/7/5,
100000616486,1,2026/7/5,
100000616489,1,2026/7/5,
100000629205,1,2026/8/2,
100000629206,1,2026/8/2,
100000622309,1,2026/7/8,
100000622310,1,2026/7/8,
100000622311,1,2026/7/8,
100000622312,1,2026/8/2,
100000629225,1,2026/8/2,
100000629226,1,2026/8/2,
100000629227,1,2026/8/2,
100000629228,1,2026/8/2,
100000629539,1,2026/8/2,
100000629540,1,2026/8/2,
100000322972,1,2026/6/29,
100000323260,1,2026/7/6,
100000323295,1,2026/7/5,
100000322976,1,2026/6/29,
100000322980,1,2026/6/30,
100000322975,1,2026/7/6,
100000323259,1,2026/7/7,
100000184683,1,2026/7/1,
100000294069,1,2026/7/10,
100000294134,1,2026/7/7,
100000322983,1,2026/7/11,
100000323290,1,2026/7/10,
100000323291,1,2026/7/10,
100000323293,1,2026/7/4,
100000366682,1,2026/7/5,
100000322982,1,2026/7/8,
100000323261,1,2026/7/9,
100000323294,1,2026/7/9,
100000032980,1,2026/7/7,
100000294133,1,2026/7/7,
100000323258,1,2026/7/8,
100000323262,1,2026/7/8,
100000323263,1,2026/7/9,
100000323092,1,2026/7/9,
100000323093,1,2026/7/10,
100000323094,1,2026/7/10,
100000323296,1,2026/7/11,
100000366671,1,2026/7/11,
100000366674,1,2026/7/12,
100000366678,1,2026/7/12,
100000323095,1,2026/7/13,
100000323096,1,2026/7/13,
100000323098,1,2026/7/14,
100000323099,1,2026/7/14,
100000323100,1,2026/7/15,
100000323102,1,2026/7/15,
100000323103,1,2026/7/16,
100000323104,1,2026/7/16,
100000323097,1,2026/7/17,
100000323101,1,2026/7/17,
100000323105,1,2026/7/18,
100000323108,1,2026/7/18,
100000437926,1,2026/7/19,
100000366305,1,2026/7/19,
100000255307,1,2026/7/20,
100000323106,1,2026/7/20,
100000323107,1,2026/7/21,
100000366311,1,2026/7/21,
100000437927,1,2026/7/22,
100000437928,1,2026/7/22,
100000366136,1,2026/7/23,
100000366139,1,2026/7/23,
100000367541,1,2026/7/24,
100000366244,1,2026/7/24,
100000366247,1,2026/7/25,
100000366858,1,2026/7/25,
100000366860,1,2026/7/26,
100000366862,1,2026/7/26,
100000366865,1,2026/7/27,
100000366299,1,2026/7/27,
100000366302,1,2026/7/28,
100000366308,1,2026/7/28,
100000371907,1,2026/7/29,
100000371908,1,2026/7/29,
100000371909,1,2026/7/30,
100000371910,1,2026/7/30,
100000371911,1,2026/7/31,
100000371912,1,2026/7/31,
100000372030,1,2026/8/1,
100000372031,1,2026/8/1,
100000387921,1,2026/8/2,
100000387922,1,2026/8/2,
100000438032,1,2026/8/3,
100000438033,1,2026/8/3,
100000438034,1,2026/8/4,
100000438035,1,2026/8/4,
100000438036,1,2026/8/5,
100000438037,1,2026/8/5,
100000438038,1,2026/8/6,
100000438039,1,2026/8/6,
100000438040,1,2026/8/7,
100000438041,1,2026/8/7,
100000438042,1,2026/8/8,
100000438043,1,2026/8/8,
100000438044,1,2026/8/9,
100000437987,1,2026/8/9,
100000437988,1,2026/8/10,
100000558075,1,2026/8/10,
100000558077,1,2026/8/11,
100000558489,1,2026/8/11,
100000558493,1,2026/8/12,
100000558495,1,2026/8/12,
100000558499,1,2026/8/13,
100000558503,1,2026/8/13,
100000558506,1,2026/8/14,
100000558509,1,2026/8/14,
100000558512,1,2026/8/15,
100000558515,1,2026/8/15,
100000558517,1,2026/8/16,
100000558519,1,2026/8/16,
100000558521,1,2026/8/17,
100000597818,1,2026/8/17,
100000597819,1,2026/8/18,
100000597820,1,2026/8/18,
100000597821,1,2026/8/19,
100000597822,1,2026/8/19,
100000597823,1,2026/8/20,
100000597824,1,2026/8/20,
100000597825,1,2026/8/21,
100000597826,1,2026/8/21,
100000622433,1,2026/8/22,
100000622552,1,2026/8/22,
100000622553,1,2026/8/23,
100000622554,1,2026/8/23,
100000622555,1,2026/8/24,
100000622556,1,2026/8/24,
100000622557,1,2026/8/25,
100000622558,1,2026/8/25,
100000622559,1,2026/8/26,
100000622560,1,2026/8/26,
100000622563,1,2026/8/27,
100000629605,1,2026/8/27,
100000629606,1,2026/8/28,
100000629607,1,2026/8/28,
100000488088,1,2026/7/10,
100000573584,1,2026/7/16,
100000533552,3,2026/7/12,
100000546495,1,2026/7/10,
100000562399,1,2026/7/6,
100000562401,1,2026/7/6,
100000490835,1,2026/7/9,
100000444515,1,2026/7/10,
100000487979,3,2026/7/6,
100000487923,1,2026/7/15,
100000514667,15,2026/7/20,
100000111819,1,2026/6/29,
100000070058,1,2026/6/29,
100000520790,1,2026/6/29,
100000520743,1,2026/6/29,
100000520204,1,2026/6/29,
100000519171,1,2026/6/29,
100000518456,1,2026/6/29,
100000520673,1,2026/6/29,
100000520722,1,2026/6/30,
100000518394,1,2026/6/30,
100000518575,1,2026/6/30,
100000521128,1,2026/6/30,
100000521237,1,2026/7/1,
100000521866,1,2026/7/1,
100000522796,1,2026/7/1,
100000522894,1,2026/7/1,
100000518419,1,2026/6/29,
100000522749,1,2026/6/29,
100000523011,1,2026/6/29,
100000430856,1,2026/6/29,
100000519379,1,2026/7/3,
100000521360,1,2026/7/3,
100000521583,1,2026/7/3,
100000522660,1,2026/7/3,
100000522686,1,2026/7/4,
100000522925,1,2026/7/4,
100000522016,1,2026/7/4,
100000522123,1,2026/7/4,
100000522578,1,2026/7/5,
100000522705,1,2026/7/5,
100000519758,1,2026/7/5,
100000522362,1,2026/7/5,
100000519156,1,2026/7/6,
100000521558,1,2026/7/6,
100000522480,1,2026/7/6,
100000520856,1,2026/7/6,
100000521384,1,2026/7/7,
100000522908,1,2026/7/7,
100000520645,1,2026/7/7,
100000520967,1,2026/7/7,
100000522005,1,2026/7/8,
100000522343,1,2026/7/8,
100000522377,1,2026/7/8,
100000522387,1,2026/7/8,
100000522459,1,2026/7/9,
100000518918,1,2026/7/9,
100000520897,1,2026/7/9,
100000520968,1,2026/7/9,
100000521807,1,2026/7/10,
100000521891,1,2026/7/10,
100000522125,1,2026/7/10,
100000522693,1,2026/7/10,
100000523006,1,2026/7/11,
100000523046,1,2026/7/11,
100000067072,1,2026/7/11,
100000521865,1,2026/7/11,
100000521682,1,2026/7/12,
100000521698,1,2026/7/12,
100000518387,1,2026/7/12,
100000520821,1,2026/7/12,
100000518273,1,2026/7/13,
100000520819,1,2026/7/13,
100000531980,1,2026/7/13,
100000531981,1,2026/7/13,
100000531982,1,2026/7/14,
100000531983,1,2026/7/14,
100000531984,1,2026/7/14,
100000531985,1,2026/7/14,
100000531986,1,2026/7/15,
100000540269,1,2026/7/15,
100000540361,1,2026/7/15,
100000540362,1,2026/7/15,
100000540363,1,2026/7/16,
100000540633,1,2026/7/16,
100000540635,1,2026/7/16,
100000540637,1,2026/7/16,
100000540639,1,2026/7/17,
100000540813,1,2026/7/17,
100000540815,1,2026/7/17,
100000540817,1,2026/7/17,
100000540819,1,2026/7/18,
100000540821,1,2026/7/18,
100000540823,1,2026/7/18,
100000540825,1,2026/7/18,
100000540827,1,2026/7/19,
100000540829,1,2026/7/19,
100000540831,1,2026/7/19,
100000540928,1,2026/7/19,
100000540930,1,2026/7/20,
100000540932,1,2026/7/20,
100000540933,1,2026/7/20,
100000540935,1,2026/7/20,
100000540937,1,2026/7/21,
100000540939,1,2026/7/21,
100000540941,1,2026/7/21,
100000540943,1,2026/7/21,
100000540945,1,2026/7/22,
100000540947,1,2026/7/22,
100000540949,1,2026/7/22,
100000541061,1,2026/7/22,
100000541063,1,2026/7/23,
100000541065,1,2026/7/23,
100000541067,1,2026/7/23,
100000541069,1,2026/7/23,
100000541071,1,2026/7/24,
100000541073,1,2026/7/24,
100000541075,1,2026/7/24,
100000541076,1,2026/7/24,
100000541078,1,2026/7/25,
100000541080,1,2026/7/25,
100000541082,1,2026/7/25,
100000549760,1,2026/7/25,
100000549761,1,2026/7/26,
100000549762,1,2026/7/26,
100000549763,1,2026/7/26,
100000549764,1,2026/7/26,
100000549765,1,2026/7/27,
100000549766,1,2026/7/27,
100000549767,1,2026/7/27,
100000549768,1,2026/7/27,
100000549821,1,2026/7/28,
100000549822,1,2026/7/28,
100000549823,1,2026/7/28,
100000549824,1,2026/7/28,
100000549825,1,2026/7/29,
100000549826,1,2026/7/29,
100000549827,1,2026/7/29,
100000549828,1,2026/7/29,
100000549829,1,2026/7/30,
100000549830,1,2026/7/30,
100000550196,1,2026/7/30,
100000562162,1,2026/7/30,
100000562164,1,2026/7/31,
100000562166,1,2026/7/31,
100000562168,1,2026/7/31,
100000562170,1,2026/7/31,
100000562172,1,2026/8/1,
100000562291,1,2026/8/1,
100000562293,1,2026/8/1,
100000562295,1,2026/8/1,
100000562297,1,2026/8/2,
100000562299,1,2026/8/2,
100000562301,1,2026/8/2,
100000562303,1,2026/8/2,
100000562305,1,2026/8/3,
100000562375,1,2026/8/3,
100000598062,1,2026/8/3,
100000598063,1,2026/8/3,
100000598064,1,2026/8/4,
100000469452,10,2026/7/19,
100000365861,4,2026/7/6,
100000469721,10,2026/7/19,
100000514729,6,2026/7/11,
100000514234,1,2026/7/30,
100000562447,6,2026/7/30,
100000616796,2,2026/8/2,
100000629632,6,2026/7/18,
100000573948,4,2026/7/25,
100000616724,4,2026/8/2,
100000629095,4,2026/8/5,
100000616491,10,2026/8/2,
100000616494,8,2026/8/2,
100000629207,10,2026/8/5,
100000629208,8,2026/8/5,
100000622058,6,2026/8/2,
100000629320,6,2026/8/9,
100000629488,10,2026/8/12,
100000629489,8,2026/8/16,
100000629490,4,2026/8/16,
100000526790,1,2026/6/29,
100000526539,1,2026/7/13,
800000007967,1,2026/7/23,
800000007968,1,2026/6/29,
100000529933,2,2026/7/6,
100000540563,9,2026/7/17,
800000012380,1,2026/8/2,
800000009380,1,2026/8/2,
100000529956,1,2026/7/20,
100000529957,1,2026/7/23,
100000529958,1,2026/7/23,
100000529961,1,2026/7/6,
100000541136,1,2026/7/6,
100000541140,1,2026/7/7,
100000541142,1,2026/7/15,
100000566374,1,2026/7/19,
100000566376,1,2026/7/19,
100000529955,1,2026/7/20,
100000529959,1,2026/7/19,
100000529960,1,2026/7/19,
100000541138,1,2026/7/7,
100000541144,1,2026/7/15,
100000566378,1,2026/7/19,
100000540195,4,2026/7/11,
800000001649,10,2026/7/14,
800000013978,1,2026/7/16,
800000013979,1,2026/7/16,
800000013980,1,2026/7/16,
800000013981,1,2026/7/16,
800000013982,1,2026/7/17,
800000013983,1,2026/7/17,
800000013984,1,2026/7/17,
800000013985,1,2026/7/17,
800000013986,1,2026/7/8,
800000013987,1,2026/7/8,
800000013988,1,2026/7/9,
800000013989,1,2026/7/9,
800000013990,1,2026/7/10,
800000013991,1,2026/7/10,
800000013992,1,2026/7/11,
800000013993,1,2026/7/11,
800000013994,1,2026/7/5,
800000013995,1,2026/7/5,
800000013996,1,2026/7/6,
800000013997,1,2026/7/6,
800000013998,1,2026/7/8,
800000013999,1,2026/7/8,
800000014000,1,2026/7/9,
800000014001,1,2026/7/9,
800000014002,1,2026/7/10,
800000014003,1,2026/7/10,
800000014004,1,2026/7/11,
800000014005,1,2026/7/11,
100000566367,1,2026/7/12,
100000566369,1,2026/7/12,
100000566756,1,2026/7/7,
100000551327,1,2026/7/23,
100000573928,1,2026/7/27,
100000573931,2,2026/7/30,
100000597719,1,2026/8/3,
100000629094,2,2026/8/5,
100000616433,1,2026/8/3,
100000629271,1,2026/8/5,
100000635699,1,2026/7/8,
100000659563,1,2026/8/17,
100000540549,1,2026/7/13,
100000540555,1,2026/7/13,
100000540567,1,2026/7/13,
100000540224,1,2026/7/13,
100000597693,1,2026/7/20,
100000338340,1,2026/7/18,
100000338341,1,2026/7/16,
100000430810,1,2026/7/30,
100000430811,1,2026/8/2,
100000430812,1,2026/8/2,
100000224178,1,2026/7/16,
100000338738,1,2026/7/16,
100000367531,1,2026/7/27,
100000430893,1,2026/8/2,
100000367368,1,2026/7/27,
100000366990,1,2026/7/16,
100000366992,1,2026/7/16,
100000531948,1,2026/7/19,
100000540584,1,2026/7/20,
100000431050,1,2026/7/20,
100000431111,1,2026/7/21,
100000431146,1,2026/7/21,
100000562443,1,2026/7/22,
100000562444,1,2026/8/18,
100000598045,1,2026/8/19,
100000622306,1,2026/8/19,
100000622307,1,2026/8/20,
100000622308,1,2026/8/20,
100000635615,1,2026/8/21,
100000635617,1,2026/8/21,
100000635619,1,2026/8/22,
100000635621,1,2026/8/22,
100000635622,1,2026/8/23,
100000635624,1,2026/8/11,
100000338622,2,2026/8/7,
100000338623,2,2026/8/8,
100000338624,2,2026/8/9,
100000365776,1,2026/8/11,
100000371679,1,2026/8/12,
100000583925,2,2026/8/17,
100000551135,2,2026/8/18,
100000551137,2,2026/8/19,
100000551138,2,2026/8/20,
100000551140,1,2026/8/6,
800000011560,1,2026/7/6,
800000011591,1,2026/7/6,
800000011592,1,2026/7/6,
800000011593,1,2026/7/6,
800000011594,1,2026/7/6,
800000011595,1,2026/7/6,
800000011596,1,2026/7/6,
800000011597,1,2026/7/6,
800000011598,1,2026/7/6,
800000011599,1,2026/7/6,
800000011600,1,2026/7/11,
800000011601,1,2026/7/11,
800000011602,1,2026/7/11,
800000011603,1,2026/7/21,
800000011604,1,2026/7/21,
800000011605,1,2026/7/28,
800000011606,1,2026/7/28,
800000011607,1,2026/7/1,
800000011608,1,2026/8/8,
800000011609,1,2026/8/8,
800000011610,1,2026/7/30,
800000012814,4,2026/7/12,
800000012815,4,2026/7/14,
800000012816,4,2026/8/19,
800000012817,4,2026/8/17,
800000012818,4,2026/8/28,
100000622550,4,2026/7/5,
100000566380,7,2026/7/12,
100000625821,2,2026/8/5,
100000625766,4,2026/8/15,
100000625767,2,2026/8/25,
100000322505,6,2026/7/2,
100000568182,2,2026/8/10,
100000568184,2,2026/8/10,
100000568187,2,2026/8/10,
100000326042,1,2026/7/2,
100000070421,1,2026/7/6,
100000319341,2,2026/7/6,
100000319342,2,2026/7/28,
100000319343,1,2026/7/4,
100000656318,2,2026/8/18,
100000557776,2,2026/7/9,
100000622169,2,2026/8/27,
100000622346,4,2026/8/24,
100000656435,1,2026/8/18,
100000597461,9,2026/8/10,
100000068545,1,2026/7/10,
100000070433,1,2026/8/6,
100000465092,4,2026/7/6,
100000465093,1,2026/7/6,
100000597367,6,2026/8/10,
100000262600,1,2026/7/16,
100000431015,1,2026/7/18,
100000431017,1,2026/7/16,
100000431018,1,2026/7/16,
100000431019,1,2026/7/18,
100000450114,1,2026/7/18,
100000431014,1,2026/7/16,
100000431016,1,2026/7/16,
100000549553,1,2026/7/16,
100000549987,1,2026/7/23,
100000549552,1,2026/7/16,
100000549554,1,2026/7/16,
100000549555,1,2026/7/16,
100000437890,1,2026/7/16,
100000549556,1,2026/7/23,
100000549618,1,2026/7/30,
100000549619,1,2026/7/30,
100000533529,1,2026/7/23,
100000549560,1,2026/7/30,
400000002563,1,2026/7/5,
100000347654,6,2026/7/11,
100000551072,2,2026/8/6,
100000551385,6,2026/8/6,
100000551387,6,2026/8/2,
100000551389,6,2026/8/2,
100000347655,6,2026/7/16,
100000474201,3,2026/7/23,
100000437930,1,2026/7/23,
100000367599,6,2026/7/23,
100000367600,6,2026/8/3,
100000387487,6,2026/7/24,
100000388042,1,2026/7/24,
100000387557,6,2026/7/14,
100000526889,1,2026/8/6,
100000629424,6,2026/8/12,
100000629425,3,2026/8/12,
100000629426,3,2026/8/12,
100000629427,6,2026/8/16,
100000629493,6,2026/8/16,
100000629494,3,2026/8/21,
100000485416,1,2026/7/16,
100000465099,1,2026/7/15,
100000485324,1,2026/7/15,
100000431182,1,2026/7/16,
100000514220,1,2026/7/15,
100000514781,1,2026/7/15,
100000352060,1,2026/7/5,
100000352059,1,2026/7/14,
100000374209,1,2026/7/7,
100000338754,1,2026/7/14,
100000465209,1,2026/7/17,
100000470128,2,2026/7/19,
100000365692,2,2026/6/29,
100000414711,2,2026/6/29,
100000427281,2,2026/7/6,
100000366366,2,2026/7/11,
100000427508,2,2026/7/6,
100000431081,2,2026/7/14,
100000438105,4,2026/7/6,
100000470150,4,2026/7/20,
100000470129,2,2026/7/19,
100000470130,4,2026/7/3,
100000485348,2,2026/7/18,
100000540803,1,2026/7/11,
100000549946,4,2026/7/6,
100000549947,4,2026/7/27,
100000549948,4,2026/7/15,
100000549949,4,2026/7/22,
100000549950,4,2026/7/29,
100000549951,4,2026/7/29,
100000550346,3,2026/8/3,
100000485403,2,2026/7/27,
100000514359,2,2026/7/27,
100000551564,2,2026/8/20,
100000550183,1,2026/8/3,
100000629454,4,2026/8/25,
100000629455,4,2026/8/25,
100000635594,4,2026/8/25,
100000635597,4,2026/8/25,
100000635599,4,2026/8/8,
100000635601,4,2026/8/17,
100000170098,1,2026/7/21,
100000323288,1,2026/7/4,
100000371960,1,2026/7/7,
100000194126,1,2026/7/25,
100000366347,1,2026/7/5,
100000323197,1,2026/6/29,
100000323287,1,2026/7/3,
100000371959,1,2026/7/5,
100000371961,1,2026/7/15,
100000371962,1,2026/7/16,
100000323198,1,2026/7/6,
100000502277,1,2026/8/6,
100000502278,1,2026/8/6,
100000502279,1,2026/8/18,
100000502280,1,2026/8/18,
100000502281,1,2026/8/18,
100000502282,1,2026/8/14,
100000502283,1,2026/8/23,
100000597727,1,2026/8/23,
100000597728,1,2026/8/23,
100000597729,1,2026/8/14,
100000597730,1,2026/8/20,
100000574142,1,2026/8/8,
100000583960,1,2026/7/30,
100000598117,1,2026/8/23,
100000191260,1,2026/8/4,
100000204111,8,2026/8/4,
100000597389,8,2026/8/11,
100000621970,4,2026/8/26,
100000622240,4,2026/8/2,
100000647335,4,2026/8/18,
100000469732,5,2026/6/29,
100000470004,10,2026/7/9,
100000515017,10,2026/8/5,
100000514316,10,2026/8/5,
100000597898,10,2026/8/11,
100000621974,5,2026/8/26,
100000622549,5,2026/8/2,
100000647330,5,2026/8/18,
100000070113,4,2026/6/29,
100000437778,3,2026/7/9,
100000469489,1,2026/7/9,
100000263859,4,2026/6/30,
100000470083,8,2026/7/9,
100000515031,8,2026/7/11,
100000514774,8,2026/7/4,
100000597800,8,2026/8/11,
100000621975,4,2026/8/26,
100000622546,4,2026/8/2,
100000647331,4,2026/8/18,
100000437855,3,2026/7/14,
100000469733,1,2026/7/14,
100000339014,4,2026/7/2,
100000347563,4,2026/7/3,
100000470140,8,2026/7/14,
100000515057,8,2026/7/14,
100000514582,8,2026/8/1,
100000597540,8,2026/8/11,
100000621957,4,2026/8/26,
100000622366,4,2026/8/2,
100000647332,4,2026/8/18,
100000387526,1,2026/7/4,
100000388223,1,2026/7/6,
100000387936,1,2026/7/9,
100000387937,1,2026/7/12,
100000142415,1,2026/7/23,
100000215084,1,2026/7/29,
100000225129,1,2026/7/30,
100000238734,1,2026/7/24,
100000264073,1,2026/7/24,
100000414551,1,2026/7/13,
100000414552,1,2026/7/8,
100000487905,1,2026/8/18,
100000589330,1,2026/8/2,
100000514222,1,2026/8/18,
100000514722,1,2026/8/18,
100000574180,1,2026/8/19,
100000574183,1,2026/8/20,
100000637956,1,2026/8/2,
100000637959,1,2026/8/2,
100000635818,1,2026/8/2,
100000033750,2,2026/7/23,
800000002344,6,2026/7/5,
100000526684,1,2026/7/19,
100000526683,2,2026/7/16,
100000526761,1,2026/7/14,
100000526763,1,2026/7/14,
100000526764,1,2026/7/21,
100000526806,1,2026/8/26,
100000526795,1,2026/7/21,
100000312504,1,2026/7/10,
100000312505,1,2026/7/9,
100000269299,1,2026/6/29,
100000273828,1,2026/8/8,
100000583953,1,2026/7/21,
100000606168,1,2026/8/3,
100000606169,1,2026/8/26,
100000322720,1,2026/7/20,
100000366536,6,2026/7/20,
100000366539,6,2026/7/23,
100000597477,1,2026/7/29,
100000562213,6,2026/8/5,
100000562215,2,2026/8/5,
100000597478,6,2026/7/29,
100000597479,6,2026/7/29,
100000629629,6,2026/8/4,
100000629630,4,2026/8/4,
100000567707,5,2026/8/5,
100000597516,5,2026/8/5,
100000629637,5,2026/8/4,
100000622454,3,2026/7/21,
100000629453,3,2026/7/21,
100000635890,2,2026/8/20,
100000629518,6,2026/7/21,
100000629519,6,2026/8/4,
100000629520,3,2026/8/4,
100000549926,6,2026/7/5,
100000549928,6,2026/7/19,
100000549931,2,2026/7/16,
100000549924,6,2026/7/5,
100000549929,6,2026/7/22,
100000549930,6,2026/7/16,
100000551133,6,2026/7/16,
100000629293,6,2026/7/24,
100000629322,3,2026/7/24,
100000635870,3,2026/8/16,
100000629323,6,2026/8/4,
100000629324,6,2026/8/4,
100000635968,2,2026/8/16,
100000629560,3,2026/8/4,
100000635488,6,2026/7/20,
100000597922,9,2026/7/29,
100000629631,9,2026/8/18,
100000597594,5,2026/7/29,
100000622359,3,2026/7/21,
100000629461,3,2026/8/18,
100000629146,6,2026/7/21,
100000629147,10,2026/8/4,
100000629148,5,2026/8/18,
100000635592,6,2026/7/24,
100000422323,1,2026/7/1,
200000005137,1,2026/7/4,
100000629223,2,2026/8/14,
100000629348,9,2026/8/14,
100000635784,6,2026/8/14,
100000629459,2,2026/8/14,
100000635892,1,2026/8/14,
100000629460,3,2026/8/14,
100000635972,3,2026/9/5,
100000629485,5,2026/8/14,
100000629486,5,2026/8/14,
100000629487,3,2026/8/14,
100000635896,4,2026/8/14,
100000365733,4,2026/7/23,
100000323269,2,2026/7/23,
100000323285,6,2026/7/23,
100000366986,2,2026/7/23,
100000450117,10,2026/7/26,
100000450118,2,2026/7/27,
100000490701,3,2026/7/4,
100000562286,8,2026/7/24,
100000597701,10,2026/7/26,
100000629452,3,2026/8/2,
100000450119,9,2026/7/27,
100000629559,10,2026/8/12,
100000659519,3,2026/8/4,
100000067642,2,2026/7/3,
100000366713,4,2026/7/23,
100000366418,1,2026/7/27,
100000371759,2,2026/7/27,
100000366421,3,2026/7/27,
100000366476,2,2026/7/27,
100000322599,4,2026/7/27,
100000322724,4,2026/8/3,
100000625755,4,2026/7/22,
100000629294,1,2026/8/2,
100000377239,1,2026/8/3,
100000388303,4,2026/8/3,
100000388304,4,2026/7/10,
100000388305,4,2026/7/11,
100000388306,1,2026/7/12,
100000540681,4,2026/7/13,
100000540683,4,2026/7/14,
100000540685,4,2026/7/15,
100000540686,4,2026/7/16,
100000540688,4,2026/7/17,
100000540690,3,2026/7/18,
100000625845,4,2026/7/22,
100000625846,4,2026/7/22,
100000625847,4,2026/7/22,
100000625870,4,2026/7/22,
100000625871,4,2026/7/22,
100000625872,4,2026/8/2,
100000625873,3,2026/8/2,
100000625831,3,2026/7/22,
100000629350,4,2026/8/2,
100000629351,4,2026/8/2,
100000629352,4,2026/8/9,
100000629353,4,2026/8/9,
100000629354,4,2026/8/9,
100000629355,4,2026/8/9,
100000629356,4,2026/8/9,
100000629357,2,2026/8/9,
100000629359,4,2026/8/9,
100000629360,4,2026/8/9,
100000629361,4,2026/8/19,
100000629362,1,2026/8/19,
100000487870,2,2026/7/7,
100000487871,2,2026/7/7,
100000488035,4,2026/7/7,
100000488036,4,2026/7/14,
100000488037,4,2026/7/18,
100000488038,3,2026/7/21,
100000488039,1,2026/7/21,
100000488042,1,2026/8/8,
100000487939,1,2026/7/5,
100000487899,4,2026/7/8,
100000487900,3,2026/6/30,
100000487921,2,2026/7/6,
100000487872,4,2026/7/7,
100000487873,2,2026/7/5,
100000487874,2,2026/7/7,
100000487933,4,2026/7/6,
100000487934,4,2026/7/18,
100000487935,4,2026/7/13,
100000487936,4,2026/7/17,
100000487937,1,2026/7/31,
100000371719,1,2026/8/11,
100000347465,2,2026/8/1,
100000347762,2,2026/8/1,
100000347488,1,2026/8/6,
100000347582,2,2026/7/25,
100000377346,2,2026/8/8,
100000347581,2,2026/6/29,
100000347557,4,2026/8/1,
100000347421,4,2026/8/8,
800000012411,1,2026/7/3,
100000347761,4,2026/6/29,
100000347806,2,2026/7/3,
100000347494,4,2026/7/3,
100000347566,1,2026/8/1,
100000347759,4,2026/7/3,
100000549942,4,2026/7/22,
100000551090,4,2026/8/29,
100000347800,2,2026/8/9,
100000377297,3,2026/7/23,
100000387974,3,2026/8/28,
100000437983,4,2026/8/28,
100000437984,1,2026/8/28,
100000387602,2,2026/8/28,
100000438146,2,2026/8/28,
100000438157,4,2026/8/28,
100000507833,4,2026/8/28,
100000507834,2,2026/8/26,
100000549550,4,2026/8/26,
100000549551,2,2026/8/26,
100000551325,4,2026/8/3,
100000629468,4,2026/8/12,
100000629469,2,2026/9/5,
100000647333,4,2026/8/1,
100000647334,2,2026/8/1,
100000566432,1,2026/7/8,
100000566563,1,2026/7/8,
100000566478,1,2026/7/8,
100000566206,1,2026/7/9,
100000566543,1,2026/7/8,
100000566448,1,2026/7/21,
100000566450,1,2026/7/22,
100000566635,1,2026/7/23,
100000566243,1,2026/7/24,
100000566609,1,2026/7/8,
100000566300,1,2026/7/8,
100000566729,1,2026/8/6,
100000566672,1,2026/7/8,
100000566682,1,2026/7/29,
100000566695,1,2026/8/9,
100000124012,1,2026/7/9,
100000465113,9,2026/8/4,
100000566371,6,2026/8/4,
100000414606,1,2026/7/5,
100000450035,2,2026/8/12,
100000449904,2,2026/7/23,
100000449905,1,2026/8/19,
100000521729,2,2026/7/16,
800000014257,4,2026/7/10,
800000014910,1,2026/8/4,
800000015142,1,2026/6/29,
800000015143,1,2026/6/29,
100000518786,2,2026/6/29,
100000520254,2,2026/7/6,
100000522948,2,2026/7/18,
100000518371,2,2026/7/10,
100000520100,2,2026/7/6,
100000522624,2,2026/8/11,
100000520984,2,2026/7/6,
100000518568,2,2026/7/25,
100000521680,1,2026/8/15,
100000597525,1,2026/8/20,
100000232483,1,2026/7/6,
100000256568,1,2026/7/10,
600000001397,2,2026/7/10,
100000067584,1,2026/7/7,
100000518114,1,2026/6/29,
100000256288,1,2026/7/8,
100000067577,1,2026/7/9,
100000259561,1,2026/7/8,
100000518854,1,2026/6/29,
100000256943,1,2026/6/29,
100000520643,1,2026/6/29,
100000521701,1,2026/7/6,
100000521874,1,2026/7/15,
100000522861,1,2026/8/2,
100000522654,1,2026/7/23,
100000067581,1,2026/7/10,
100000521716,1,2026/7/23,
100000518414,1,2026/7/18,
100000522542,1,2026/8/5,
100000518881,1,2026/7/25,
100000521669,1,2026/8/11,
100000521814,1,2026/8/15,
100000522544,1,2026/8/4,
100000522091,1,2026/8/15,
100000520934,1,2026/7/12,
100000521421,1,2026/7/6,
100000522333,1,2026/7/3,
100000520240,1,2026/7/12,
600000001377,3,2026/7/10,
100000517973,1,2026/8/20,
100000474265,1,2026/7/3,
100000488022,1,2026/7/7,
100000629530,4,2026/8/2,
100000629511,4,2026/8/2,
100000629512,2,2026/8/2,
400000002564,1,2026/7/24,
100000597705,1,2026/8/6,
100000622227,4,2026/8/6,
100000622354,2,2026/8/6,
100000629456,4,2026/8/6,
100000629457,2,2026/8/30,
100000647187,2,2026/8/31,
100000622355,4,2026/8/6,
100000629458,4,2026/8/22,
100000622427,3,2026/8/6,
100000629475,3,2026/8/22,
100000629557,2,2026/8/5,
100000629558,1,2026/8/5,
100000580639,1,2026/7/8,
100000580640,1,2026/7/28,
100000580641,1,2026/7/21,
100000580648,1,2026/8/23,
100000553646,2,2026/7/15,
100000540728,1,2026/7/9,
100000592158,1,2026/7/14,
800000008543,1,2026/7/5,
800000010157,1,2026/7/5,
100000537686,1,2026/7/14,
100000589368,1,2026/8/15,
100000592105,1,2026/8/16,
100000466213,4,2026/7/6,
800000012747,1,2026/7/5,
100000540916,1,2026/7/14,
100000622229,6,2026/7/9,
100000622230,3,2026/7/9,
100000502424,1,2026/8/13,
100000502405,1,2026/8/12,
100000502406,1,2026/8/13,
100000502428,1,2026/8/10,
100000502250,1,2026/8/13,
100000566547,2,2026/7/9,
100000566552,2,2026/7/16,
100000566554,2,2026/7/23,
100000566556,2,2026/7/23,
100000566558,2,2026/7/23,
100000566559,2,2026/7/23,
100000566322,2,2026/7/9,
100000566324,1,2026/7/9,
100000566365,2,2026/7/9,
100000567734,2,2026/7/23,
100000601044,2,2026/8/18,
100000601046,1,2026/8/18,
100000635753,2,2026/8/26,
100000635754,2,2026/8/26,
100000635755,2,2026/8/26,
100000287648,1,2026/7/3,
100000034813,1,2026/7/5,
100000597893,1,2026/8/4,
100000269599,1,2026/7/7,
100000269300,1,2026/7/8,
100000269404,1,2026/7/9,
100000069437,1,2026/7/10,
100000365800,1,2026/7/11,
100000365798,1,2026/6/29,
100000269715,1,2026/6/29,
100000269716,1,2026/6/30,
100000269719,1,2026/6/29,
100000269718,1,2026/7/12,
100000372038,1,2026/7/11,
100000372039,1,2026/7/11,
100000372040,1,2026/7/12,
100000372042,1,2026/7/16,
100000414245,1,2026/7/12,
100000367568,1,2026/7/12,
100000367569,1,2026/7/12,
100000427288,1,2026/7/11,
100000372041,1,2026/7/16,
100000427374,1,2026/7/5,
100000540194,1,2026/7/23,
100000553637,1,2026/7/24,
100000562224,1,2026/7/25,
100000567998,1,2026/7/27,
100000629274,1,2026/7/26,
100000568271,1,2026/7/28,
100000567792,1,2026/7/26,
100000629613,1,2026/7/8,
100000629157,1,2026/7/29,
100000629160,1,2026/8/1,
100000269720,1,2026/7/22,
100000659239,1,2026/8/12,
100000659235,1,2026/8/12,
100000629158,1,2026/7/30,
100000629159,1,2026/7/31,
100000629161,1,2026/8/2,
100000629162,1,2026/8/3,
100000629163,1,2026/8/4,
100000629164,1,2026/8/5,
100000629165,1,2026/8/6,
100000629166,1,2026/8/7,
100000629363,1,2026/8/6,
100000629364,1,2026/8/6,
100000629365,1,2026/8/6,
100000629366,1,2026/8/9,
100000629367,1,2026/8/9,
100000629368,1,2026/8/9,
600000001489,1,2026/8/1,
100000414824,1,2026/7/2,
100000414825,1,2026/7/2,
100000438107,1,2026/7/7,
100000438167,1,2026/7/7,
100000502268,1,2026/7/9,
100000502269,1,2026/7/16,
100000531968,1,2026/7/16,
100000558237,1,2026/7/20,
100000532052,1,2026/7/19,
100000532137,1,2026/7/20,
100000532138,1,2026/7/20,
100000540364,1,2026/7/20,
100000567765,1,2026/7/23,
100000580669,1,2026/7/26,
100000567767,1,2026/7/26,
100000597592,1,2026/7/30,
100000621958,1,2026/8/9,
100000625858,1,2026/7/22,
100000597391,1,2026/7/27,
100000621971,1,2026/8/9,
100000625820,1,2026/8/19,
100000622356,1,2026/8/9,
100000625942,1,2026/7/22,
100000622367,1,2026/8/16,
100000625948,1,2026/7/25,
200000006263,1,2026/7/7,
100000533550,1,2026/7/10,
100000431013,1,2026/7/10,
100000367322,1,2026/7/10,
100000267652,1,2026/6/29,
100000294147,1,2026/6/29,
100000567919,6,2026/7/12,
100000567920,6,2026/7/12,
100000567922,5,2026/7/12,
100000597536,2,2026/7/27,
100000635700,6,2026/7/28,
100000635701,6,2026/7/28,
100000656534,1,2026/7/25,
100000656546,6,2026/7/25,
100000033054,1,2026/7/7,
100000033362,3,2026/7/5,
100000367136,2,2026/7/7,
100000367138,1,2026/7/7,
100000414434,2,2026/7/7,
100000414435,1,2026/7/7,
100000431238,1,2026/7/7,
100000414272,4,2026/7/6,
100000430820,4,2026/7/7,
100000430821,1,2026/7/7,
100000414250,3,2026/7/6,
100000414843,4,2026/7/7,
100000414273,1,2026/7/7,
100000366912,1,2026/7/7,
100000033562,1,2026/7/7,
100000531993,2,2026/7/12,
100000541091,3,2026/7/12,
100000562351,1,2026/7/12,
100000567704,1,2026/7/16,
100000597515,1,2026/8/2,
100000567729,4,2026/7/16,
100000567730,4,2026/7/18,
100000567731,4,2026/7/19,
100000567733,1,2026/8/2,
100000598076,3,2026/8/3,
100000598077,4,2026/8/4,
100000598078,1,2026/7/16,
100000635647,4,2026/7/17,
100000635782,4,2026/7/18,
100000635783,2,2026/7/19,
100000567732,4,2026/8/19,
100000033428,2,2026/7/5,
100000255534,4,2026/7/10,
100000256088,1,2026/7/10,
100000367140,1,2026/7/3,
100000257064,4,2026/7/10,
100000414284,2,2026/7/7,
100000414267,4,2026/7/3,
100000414269,2,2026/7/7,
100000430888,4,2026/7/7,
100000430889,4,2026/7/7,
100000366808,2,2026/7/10,
100000367291,2,2026/7/3,
100000414211,3,2026/7/3,
100000414847,4,2026/7/10,
100000367289,4,2026/7/7,
100000414413,4,2026/7/7,
100000431025,2,2026/7/10,
100000430890,2,2026/7/10,
100000414205,2,2026/7/10,
100000414414,4,2026/7/13,
100000531987,2,2026/7/13,
100000540897,4,2026/7/13,
100000540899,2,2026/7/13,
100000568301,4,2026/7/13,
100000568304,4,2026/7/14,
100000568307,4,2026/7/15,
100000568312,4,2026/7/16,
100000568315,4,2026/7/19,
100000568318,4,2026/7/20,
100000568322,4,2026/7/20,
100000568326,4,2026/7/21,
100000568327,2,2026/7/23,
100000597797,4,2026/7/23,
100000635651,4,2026/7/19,
100000635653,4,2026/7/20,
100000635655,4,2026/7/21,
100000635657,4,2026/7/22,
100000635659,4,2026/7/23,
100000635661,4,2026/7/24,
100000656533,2,2026/7/25,
100000656547,4,2026/8/4,
100000656548,4,2026/8/4,
100000656549,4,2026/8/4,
100000474303,1,2026/7/10,
100000473849,4,2026/7/10,
100000473972,1,2026/7/10,
100000473974,4,2026/7/7,
100000474092,4,2026/7/10,
100000474094,3,2026/6/29,
100000474096,4,2026/6/29,
100000473999,4,2026/7/7,
100000474280,3,2026/7/10,
100000568170,4,2026/7/10,
100000568331,4,2026/7/14,
100000502156,1,2026/7/14,
100000532241,2,2026/7/14,
100000541034,3,2026/7/14,
100000561880,1,2026/7/14,
100000567692,1,2026/7/14,
100000597916,1,2026/7/8,
100000568173,4,2026/7/9,
100000568176,4,2026/7/10,
100000568179,1,2026/7/11,
100000597676,4,2026/7/12,
100000597677,2,2026/7/13,
100000597606,2,2026/7/14,
100000635641,4,2026/8/14,
100000635485,4,2026/7/21,
100000635486,2,2026/8/16,
100000414282,4,2026/7/10,
100000414283,4,2026/6/29,
100000414264,4,2026/7/10,
100000430883,4,2026/7/10,
100000455849,1,2026/7/10,
100000366910,4,2026/7/7,
100000414764,3,2026/7/7,
100000430994,2,2026/7/10,
100000488070,1,2026/7/10,
100000487981,1,2026/7/10,
100000033564,1,2026/7/12,
100000540962,3,2026/7/10,
100000561881,1,2026/6/29,
100000567693,1,2026/6/29,
100000573479,1,2026/7/13,
100000597917,1,2026/7/15,
100000567924,4,2026/7/10,
100000567926,4,2026/7/14,
100000567927,4,2026/7/14,
100000567929,1,2026/7/9,
100000568442,4,2026/7/10,
100000597544,4,2026/7/11,
100000597545,2,2026/7/12,
100000597607,2,2026/7/13,
100000635649,3,2026/7/14,
100000635670,4,2026/7/15,
100000033056,1,2026/7/12,
100000068369,4,2026/6/29,
800000010122,1,2026/7/8,
800000014399,1,2026/7/9,
800000014400,1,2026/7/11,
800000014704,1,2026/7/11,
100000518979,1,2026/7/7,
800000011113,1,2026/6/29,
800000015144,1,2026/6/30,
800000015145,1,2026/6/30,
800000015146,1,2026/6/30,
800000015147,1,2026/6/29,
100000519403,2,2026/7/3,
100000518287,2,2026/7/14,
100000519897,1,2026/7/16,
100000522336,1,2026/7/16,
100000522692,2,2026/7/15,
100000522743,4,2026/7/15,
100000518140,1,2026/6/29,
100000518763,4,2026/7/3,
100000518921,4,2026/7/18,
100000519575,4,2026/7/18,
100000522878,4,2026/7/3,
100000519230,1,2026/7/18,
100000520326,1,2026/7/18,
100000532069,2,2026/7/16,
200000004939,1,2026/7/14,
100000567702,1,2026/7/16,
100000597929,1,2026/7/15,
100000567771,4,2026/7/15,
100000567803,4,2026/7/8,
100000567805,4,2026/7/8,
100000567807,4,2026/7/8,
100000567809,1,2026/7/17,
100000597933,4,2026/7/20,
100000012988,2,2026/7/2,
100000013007,1,2026/7/2,
100000012519,1,2026/7/5,
100000013012,1,2026/7/2,
100000011485,1,2026/7/13,
200000000206,1,2026/7/20,
100000013002,1,2026/7/21,
100000013020,1,2026/7/22,
100000366361,2,2026/7/10,
100000431022,2,2026/7/10,
100000255618,2,2026/7/9,
100000367329,1,2026/7/9,
100000414278,1,2026/7/10,
100000293914,2,2026/7/3,
100000414299,2,2026/7/3,
100000414300,2,2026/7/3,
100000414301,2,2026/7/3,
100000414246,1,2026/7/3,
100000414564,2,2026/7/3,
100000431021,2,2026/7/7,
100000366358,2,2026/7/7,
100000293915,2,2026/7/7,
100000255137,1,2026/7/10,
100000414302,1,2026/7/26,
100000474149,1,2026/7/28,
100000485439,1,2026/7/28,
100000474151,1,2026/7/26,
100000485440,1,2026/7/28,
100000531991,2,2026/7/26,
100000540786,2,2026/7/28,
100000567752,2,2026/7/27,
100000567754,1,2026/7/29,
100000567960,2,2026/7/27,
100000540788,1,2026/7/29,
100000567957,2,2026/7/29,
100000567962,2,2026/7/29,
100000567964,2,2026/7/30,
100000567966,2,2026/7/30,
100000567968,2,2026/7/30,
100000567970,2,2026/7/31,
100000597601,2,2026/7/31,
100000635703,2,2026/8/2,
100000635704,2,2026/8/3,
100000635705,2,2026/8/5,
100000656535,2,2026/7/25,
100000656536,2,2026/7/25,
100000656537,1,2026/7/25,
100000656543,2,2026/7/25,
100000656544,2,2026/7/25,
100000656545,2,2026/7/25,
100000414265,2,2026/7/8,
100000414266,2,2026/7/11,
100000430946,2,2026/7/7,
100000366919,1,2026/7/3,
100000414177,2,2026/7/3,
100000414178,2,2026/7/3,
100000367658,1,2026/7/3,
100000255554,2,2026/7/7,
100000256595,2,2026/7/8,
100000255964,2,2026/7/8,
100000294101,2,2026/7/8,
100000294104,1,2026/7/7,
100000414462,1,2026/7/7,
100000367655,2,2026/7/7,
100000294099,2,2026/7/8,
100000294102,2,2026/7/7,
100000294103,2,2026/7/7,
100000033380,1,2026/7/21,
100000367656,2,2026/7/22,
100000487903,2,2026/7/23,
100000487904,1,2026/7/23,
100000414363,2,2026/7/22,
100000414530,2,2026/7/22,
100000487930,1,2026/7/23,
100000531992,2,2026/7/23,
100000541101,2,2026/7/24,
100000541103,1,2026/7/24,
100000567861,2,2026/7/25,
100000567859,2,2026/7/24,
100000567863,2,2026/7/25,
100000567865,2,2026/7/25,
100000567867,2,2026/7/26,
100000567869,2,2026/7/26,
100000567871,2,2026/7/31,
100000567873,2,2026/7/31,
100000567874,1,2026/7/31,
100000597992,2,2026/7/31,
100000635630,2,2026/7/31,
100000635632,2,2026/8/6,
100000656530,2,2026/7/17,
100000656531,2,2026/7/18,
100000656532,1,2026/7/18,
100000656540,2,2026/7/19,
100000656541,2,2026/7/19,
100000656542,2,2026/7/20,
100000347656,1,2026/7/2,
100000366994,1,2026/7/7,
100000367608,1,2026/7/7,
100000367017,1,2026/7/7,
100000371803,1,2026/7/9,
100000387942,1,2026/7/16,
100000387943,1,2026/7/16,
100000469865,1,2026/7/16,
100000485456,1,2026/7/20,
100000502264,1,2026/7/20,
100000532235,1,2026/7/20,
100000532118,1,2026/7/20,
100000540909,1,2026/7/20,
100000540629,1,2026/7/20,
100000598137,1,2026/7/26,
100000622360,1,2026/7/26,
100000622361,1,2026/7/26,
100000622362,1,2026/7/26,
100000622470,1,2026/7/26,
100000622471,1,2026/7/11,
100000622472,1,2026/7/12,
100000622473,1,2026/7/12,
100000622474,1,2026/7/13,
100000622475,1,2026/7/13,
100000629462,1,2026/8/10,
100000635509,1,2026/8/13,
100000019867,1,2026/8/12,
100000019890,1,2026/8/14,
100000022308,1,2026/7/2,
100000022325,1,2026/7/2,
800000006220,1,2026/7/4,
800000006226,1,2026/7/6,
800000005207,1,2026/7/8,
100000022317,1,2026/7/10,
100000022449,1,2026/7/12,
100000020246,1,2026/7/2,
100000026348,1,2026/7/2,
100000567750,1,2026/7/5,
100000540918,3,2026/7/11,
100000561919,1,2026/7/16,
100000567694,1,2026/7/16,
100000597919,1,2026/7/15,
100000567813,10,2026/7/16,
100000567814,7,2026/7/16,
100000597322,6,2026/7/15,
100000597323,2,2026/7/15,
100000635970,4,2026/8/2,
100000635578,6,2026/7/15,
100000263956,1,2026/7/9,
100000263951,1,2026/7/10,
100000263952,1,2026/7/11,
100000263953,1,2026/7/12,
100000263954,1,2026/7/13,
100000263955,1,2026/7/14,
100000263957,1,2026/7/15,
100000264021,1,2026/7/16,
100000264267,1,2026/7/17,
100000414643,1,2026/7/18,
100000414644,1,2026/7/19,
100000414645,1,2026/7/20,
100000414646,1,2026/7/21,
100000414647,1,2026/7/22,
100000414648,1,2026/7/23,
100000414649,1,2026/7/24,
100000414650,1,2026/7/25,
100000414387,1,2026/7/26,
100000414388,1,2026/7/27,
100000414389,1,2026/7/28,
100000414390,1,2026/7/29,
100000414391,1,2026/7/30,
100000414536,1,2026/7/31,
100000414537,1,2026/8/1,
100000414538,1,2026/8/2,
100000414539,1,2026/8/3,
100000414540,1,2026/8/4,
100000414541,1,2026/8/5,
100000414542,1,2026/8/6,
100000414543,1,2026/8/7,
100000414544,1,2026/8/8,
100000414545,1,2026/8/9,
100000414546,1,2026/8/10,
100000507950,1,2026/8/11,
100000507951,1,2026/8/12,
100000507952,1,2026/8/13,
100000507953,1,2026/8/14,
100000507954,1,2026/8/15,
100000507955,1,2026/8/16,
100000507956,1,2026/8/17,
100000507979,1,2026/8/18,
100000507980,1,2026/8/19,
100000507981,1,2026/8/20,
100000507982,1,2026/8/21,
100000507983,1,2026/8/22,
100000507984,1,2026/8/23,
100000507985,1,2026/8/24,
100000507986,1,2026/8/25,
100000507987,1,2026/8/26,
100000508007,1,2026/8/27,
100000508008,1,2026/8/28,
100000508009,1,2026/8/29,
100000508010,1,2026/8/30,
100000508011,1,2026/8/31,
100000508012,1,2026/8/2,
100000508013,1,2026/8/3,
100000508014,1,2026/8/4,
100000508015,1,2026/8/5,
100000508016,1,2026/8/6,
100000508017,1,2026/8/7,
100000508018,1,2026/8/8,
100000508019,1,2026/8/9,
100000508020,1,2026/8/10,
100000508021,1,2026/8/11,
100000508022,1,2026/8/12,
100000508023,1,2026/8/13,
100000508024,1,2026/8/14,
100000508025,1,2026/8/15,
100000508026,1,2026/8/16,
100000508027,1,2026/8/17,
100000508028,1,2026/8/18,
100000508029,1,2026/8/19,
100000508030,1,2026/8/20,
100000508031,1,2026/8/21,
100000508032,1,2026/8/22,
100000508033,1,2026/8/23,
100000508034,1,2026/8/24,
100000508035,1,2026/8/25,
100000508036,1,2026/8/26,
100000508037,1,2026/8/27,
100000508038,1,2026/8/28,
100000508039,1,2026/8/29,
100000508040,1,2026/8/30,
100000508041,1,2026/8/31,
100000508042,1,2026/8/31,
100000508043,1,2026/8/31,
100000508044,1,2026/8/31,
100000568257,1,2026/8/31,
100000568261,1,2026/8/31,
100000522668,2,2026/6/30,
100000521940,4,2026/7/7,
100000521130,4,2026/7/23,
100000519086,4,2026/7/11,
100000522211,3,2026/7/26,
100000518852,2,2026/7/11,
100000520979,2,2026/7/26,
100000522674,1,2026/7/26,
100000540277,4,2026/7/26,
100000561933,3,2026/7/26,
100000566700,1,2026/7/26,
100000597495,2,2026/8/6,
100000573781,1,2026/7/26,
100000598051,1,2026/8/20,
100000629077,1,2026/8/2,
100000598121,1,2026/8/20,
100000629242,1,2026/8/2,
100000629400,4,2026/8/12,
100000629401,3,2026/8/23,
100000647169,1,2026/8/27,
100000522115,3,2026/6/30,
100000521880,1,2026/7/24,
100000518552,1,2026/7/26,
100000522734,1,2026/7/27,
100000521029,2,2026/7/23,
100000519198,1,2026/7/20,
100000518695,1,2026/7/19,
100000519994,2,2026/7/20,
100000520846,1,2026/7/22,
100000522433,1,2026/7/26,
100000518233,4,2026/7/1,
100000520275,2,2026/7/21,
100000521441,1,2026/7/24,
100000518865,1,2026/7/19,
100000540926,3,2026/7/27,
100000562349,3,2026/7/29,
100000566745,1,2026/7/30,
100000597514,1,2026/8/20,
100000573547,1,2026/8/6,
100000598116,1,2026/8/20,
100000629090,1,2026/8/2,
100000598147,1,2026/8/20,
100000629168,1,2026/8/2,
100000629491,4,2026/8/12,
100000629492,3,2026/8/23,
100000647171,1,2026/8/27,
100000549871,1,2026/7/18,
100000549872,1,2026/7/18,
100000502266,1,2026/7/18,
100000549519,1,2026/7/14,
100000549517,1,2026/7/2,
100000549865,1,2026/8/8,
100000549867,1,2026/8/8,
100000549869,1,2026/8/8,
100000549952,1,2026/7/20,
100000549953,1,2026/7/23,
100000549954,1,2026/7/19,
100000549955,1,2026/7/18,
100000450146,1,2026/8/1,
100000450147,1,2026/8/1,
100000450148,1,2026/8/1,
100000502265,1,2026/8/1,
100000502267,1,2026/8/1,
100000549742,1,2026/7/21,
100000540890,1,2026/7/1,
100000549518,1,2026/6/29,
100000540891,1,2026/7/12,
100000514766,1,2026/7/2,
100000540893,1,2026/7/30,
100000540895,1,2026/7/31,
100000550250,1,2026/8/1,
100000550251,1,2026/8/2,
100000540958,1,2026/7/18,
100000550356,1,2026/8/12,
100000550357,1,2026/8/12,
100000550359,1,2026/8/12,
100000540954,1,2026/7/23,
100000449717,1,2026/7/21,
100000549769,1,2026/7/16,
100000550358,1,2026/8/12,
100000550201,1,2026/8/2,
100000550363,1,2026/7/29,
100000550360,1,2026/8/23,
100000550361,1,2026/8/23,
100000550362,1,2026/8/23,
100000654712,1,2026/7/7,
100000654714,1,2026/7/7,
100000566624,1,2026/7/12,
100000566625,1,2026/7/12,
100000580630,1,2026/7/14,
100000616381,18,2026/8/26,
100000629121,18,2026/7/25,
100000622006,12,2026/7/25,
100000629340,18,2026/7/25,
100000635500,20,2026/8/25,
100000196674,1,2026/7/3,
100000387623,2,2026/7/10,
100000387624,1,2026/7/14,
100000430842,2,2026/7/14,
100000282096,1,2026/7/10,
100000430838,2,2026/7/3,
100000367644,2,2026/7/3,
100000431190,2,2026/7/25,
100000430991,2,2026/7/24,
100000347782,2,2026/6/29,
100000366905,2,2026/7/3,
100000294079,2,2026/8/3,
100000521743,1,2026/7/24,
100000531925,2,2026/7/11,
100000430843,1,2026/8/3,
100000549516,2,2026/7/18,
100000550226,2,2026/7/25,
100000550227,2,2026/7/25,
100000551148,2,2026/8/16,
100000430992,2,2026/7/15,
100000430993,2,2026/7/24,
100000532264,2,2026/7/11,
100000532265,2,2026/7/11,
100000532266,1,2026/7/11,
100000550491,2,2026/8/26,
100000550493,2,2026/8/26,
100000550496,2,2026/8/16,
100000540399,2,2026/7/11,
100000540401,2,2026/7/25,
100000540882,2,2026/7/25,
100000550247,2,2026/7/28,
100000550248,2,2026/7/28,
100000550249,2,2026/8/31,
100000407438,1,2026/8/4,
100000371630,3,2026/8/4,
100000574372,1,2026/7/6,
100000574376,1,2026/7/6,
100000573644,1,2026/7/6,
100000573652,1,2026/7/6,
100000573654,1,2026/7/6,
100000573656,1,2026/7/6,
100000573658,1,2026/7/6,
100000573660,1,2026/7/6,
100000450175,2,2026/7/2,
100000598141,6,2026/8/10,
100000414845,1,2026/7/5,
100000414846,1,2026/7/5,
100000034825,2,2026/7/2,
100000387346,1,2026/7/28,
100000540477,3,2026/7/10,
100000597493,10,2026/7/25,
100000597494,6,2026/7/25,
100000069623,10,2026/7/31,
100000622063,10,2026/8/17,
100000622064,6,2026/8/17,
100000635902,10,2026/8/17,
100000635551,10,2026/8/17,
100000635553,6,2026/8/17,
100000479645,1,2026/7/18,
100000479667,1,2026/7/19,
100000479669,1,2026/7/13,
100000479673,1,2026/7/13,
100000479679,1,2026/7/21,
100000532151,1,2026/7/23,
100000532152,1,2026/7/23,
100000479664,1,2026/7/14,
100000479672,1,2026/7/6,
100000479677,1,2026/7/13,
100000479593,1,2026/7/13,
100000485323,1,2026/7/22,
100000532153,1,2026/7/24,
100000573784,1,2026/7/24,
100000573787,1,2026/7/25,
100000573790,1,2026/7/25,
100000573793,1,2026/7/26,
100000573796,1,2026/7/26,
100000573798,1,2026/7/27,
100000585919,1,2026/7/27,
100000585920,1,2026/7/28,
100000487943,1,2026/7/3,
100000488009,1,2026/7/13,
100000488010,1,2026/7/5,
100000488014,1,2026/7/13,
100000487944,1,2026/6/29,
100000487946,1,2026/6/29,
100000487949,1,2026/7/13,
100000487950,1,2026/7/13,
100000488043,1,2026/7/13,
100000488044,1,2026/7/1,
100000487947,1,2026/6/29,
100000488046,1,2026/7/30,
100000487986,1,2026/7/30,
100000532273,1,2026/7/30,
100000532275,1,2026/7/30,
100000532277,1,2026/7/30,
100000574030,1,2026/8/8,
100000574033,1,2026/8/8,
100000574036,1,2026/8/8,
100000574039,1,2026/8/8,
100000574041,1,2026/8/8,
100000574043,1,2026/8/8,
100000374301,1,2026/7/10,
100000374217,1,2026/7/13,
100000377287,1,2026/7/13,
100000374334,1,2026/7/13,
100000374336,1,2026/7/13,
100000374285,1,2026/7/19,
100000374286,1,2026/7/13,
100000374218,1,2026/7/15,
100000374335,1,2026/7/18,
100000374339,1,2026/7/22,
100000374343,1,2026/7/14,
100000388071,1,2026/7/12,
100000374337,1,2026/7/14,
100000374338,1,2026/7/15,
100000374340,1,2026/8/6,
100000374341,1,2026/7/22,
100000374342,1,2026/7/22,
100000388068,1,2026/7/16,
100000388069,1,2026/7/9,
100000388070,1,2026/7/16,
100000388072,1,2026/7/14,
100000388073,1,2026/7/16,
100000585921,1,2026/8/8,
800000014417,1,2026/7/13,
800000014413,1,2026/7/10,
800000014414,1,2026/7/10,
800000014415,1,2026/7/10,
800000014416,1,2026/7/13,
800000014418,1,2026/7/13,
800000014419,1,2026/7/8,
800000014420,1,2026/7/13,
800000014421,1,2026/7/13,
800000014423,1,2026/7/23,
800000014424,1,2026/7/23,
100000551050,2,2026/7/26,
100000485309,3,2026/7/26,
100000490703,2,2026/7/26,
100000549780,4,2026/7/27,
100000490796,3,2026/7/26,
100000549781,4,2026/7/10,
100000549782,1,2026/8/7,
100000549783,2,2026/8/23,
100000550765,3,2026/8/23,
100000549800,1,2026/8/23,
100000263851,1,2026/6/29,
100000549932,2,2026/7/26,
100000338894,1,2026/7/27,
100000366179,4,2026/7/27,
100000371963,4,2026/7/21,
100000338830,4,2026/7/27,
100000338831,2,2026/7/27,
100000357825,1,2026/7/27,
100000366182,2,2026/7/12,
100000371964,4,2026/7/16,
100000407427,1,2026/7/16,
100000407511,4,2026/7/18,
100000414313,1,2026/8/12,
100000427350,1,2026/8/11,
100000485432,1,2026/8/21,
100000490797,3,2026/8/21,
100000254965,1,2026/8/11,
100000427385,4,2026/8/12,
100000450098,2,2026/8/6,
100000438132,1,2026/8/11,
100000450097,4,2026/8/22,
100000549571,4,2026/8/21,
100000566737,1,2026/7/3,
100000553643,1,2026/7/10,
100000225257,4,2026/7/21,
100000225194,4,2026/7/21,
100000322660,2,2026/7/21,
100000322662,4,2026/7/21,
100000322663,4,2026/7/19,
100000338961,1,2026/7/26,
100000323050,4,2026/7/26,
100000323051,2,2026/7/26,
100000360342,2,2026/7/23,
100000367576,3,2026/7/23,
100000372009,4,2026/7/26,
100000371902,2,2026/7/26,
100000485428,2,2026/7/30,
100000515003,4,2026/7/30,
100000514800,2,2026/7/30,
100000551486,4,2026/7/5,
100000550365,4,2026/8/22,
100000551391,2,2026/8/22,
100000549620,4,2026/8/3,
100000549621,2,2026/7/15,
100000550717,2,2026/8/8,
100000550019,2,2026/7/30,
100000549719,4,2026/7/3,
100000549720,2,2026/7/31,
100000551488,2,2026/8/23,
100000647222,1,2026/8/10,
100000338593,2,2026/7/21,
100000371619,1,2026/7/19,
100000338588,2,2026/7/16,
100000549976,2,2026/8/19,
100000549977,2,2026/8/19,
100000549978,2,2026/8/19,
100000449620,2,2026/7/27,
100000485293,1,2026/7/21,
100000449621,2,2026/7/27,
100000449622,2,2026/7/12,
100000485294,2,2026/7/12,
100000485377,2,2026/7/3,
100000549779,2,2026/8/4,
100000490798,2,2026/7/9,
100000490799,1,2026/7/10,
100000549715,2,2026/7/11,
100000549716,2,2026/7/12,
100000549717,2,2026/8/9,
100000549718,2,2026/8/10,
100000550760,2,2026/8/11,
100000550762,2,2026/8/12,
100000450042,6,2026/7/15,
100000465174,2,2026/7/17,
100000540721,1,2026/7/14,
100000485315,6,2026/7/23,
100000450043,6,2026/7/23,
100000449809,6,2026/7/16,
100000474104,2,2026/7/23,
100000485430,6,2026/7/23,
100000485431,6,2026/7/23,
100000514476,6,2026/8/3,
100000526536,2,2026/8/3,
100000562269,6,2026/8/3,
100000562270,2,2026/8/25,
100000568072,4,2026/8/16,
100000485316,3,2026/7/23,
100000562284,3,2026/8/7,
100000635687,6,2026/8/12,
100000659237,3,2026/8/18,
800000011630,1,2026/7/9,
800000011632,1,2026/7/9,
800000011633,1,2026/7/7,
800000011645,1,2026/7/11,
800000011648,1,2026/6/29,
800000011646,1,2026/7/11,
800000011631,1,2026/7/9,
100000663265,2,2026/8/4,
100000663267,2,2026/8/4,
100000663269,2,2026/8/10,
100000663556,2,2026/8/10,
100000663558,2,2026/8/10,
100000663650,2,2026/8/10,
100000663652,2,2026/8/10,
100000663654,2,2026/8/10,
100000663656,2,2026/8/10,
100000663151,1,2026/8/4,
100000663409,2,2026/8/10,
100000663411,2,2026/8/10,
100000663413,2,2026/8/10,
100000663255,1,2026/8/4,
100000550458,4,2026/8/10,
100000338585,4,2026/8/5,
100000550023,4,2026/8/14,
100000255639,2,2026/8/6,
100000338694,4,2026/7/19,
100000338695,4,2026/8/16,
100000485444,1,2026/8/14,
100000456148,1,2026/7/15,
100000474112,2,2026/7/15,
100000485312,7,2026/7/20,
100000562290,4,2026/8/5,
100000485450,8,2026/7/16,
100000485451,8,2026/7/1,
100000485452,7,2026/7/5,
100000526840,1,2026/7/29,
100000562408,6,2026/8/8,
100000568114,6,2026/7/20,
100000597960,3,2026/7/17,
100000597541,3,2026/7/17,
100000322893,1,2026/7/11,
100000479597,1,2026/7/5,
100000485365,1,2026/7/24,
100000485288,1,2026/8/24,
100000606141,1,2026/8/14,
100000606143,1,2026/8/10,
100000606145,1,2026/8/10,
100000606146,1,2026/8/10,
100000606148,1,2026/8/10,
100000485364,1,2026/8/10,
100000485366,1,2026/8/9,
100000485367,1,2026/8/9,
100000485368,1,2026/8/9,
100000485369,1,2026/8/9,
100000485371,1,2026/8/9,
100000485372,1,2026/8/9,
100000485373,1,2026/8/9,
100000485374,1,2026/8/9,
100000488081,1,2026/8/9,
100000488082,1,2026/8/14,
100000485305,6,2026/6/29,
100000456140,2,2026/7/5,
100000322666,2,2026/7/3,
100000597517,6,2026/7/26,
100000514521,6,2026/7/16,
100000562272,6,2026/7/23,
100000562274,4,2026/7/26,
100000659446,6,2026/8/4,
100000659447,5,2026/8/4,
100000526537,2,2026/7/23,
600000001495,2,2026/7/7,
100000566712,4,2026/7/23,
100000566713,4,2026/7/23,
100000566714,4,2026/7/23,
100000566715,1,2026/7/23,
100000566716,4,2026/7/23,
100000566717,2,2026/7/8,
100000566176,3,2026/7/14,
100000566272,4,2026/7/13,
100000566274,2,2026/7/13,
100000566276,3,2026/7/16,
100000566404,4,2026/7/16,
100000566406,2,2026/7/23,
100000566213,4,2026/7/14,
100000566215,1,2026/7/19,
100000566217,4,2026/7/19,
100000566219,4,2026/7/19,
100000566221,4,2026/7/14,
100000566223,2,2026/7/14,
100000566224,4,2026/7/14,
100000566226,4,2026/7/14,
100000566228,4,2026/7/12,
100000566230,4,2026/7/6,
100000566231,4,2026/7/6,
100000566485,3,2026/7/23,
100000566743,4,2026/7/17,
100000566744,4,2026/7/17,
100000567911,3,2026/8/10,
100000568133,1,2026/7/4,
100000568128,1,2026/7/2,
100000568136,1,2026/7/23,
100000597518,1,2026/7/23,
100000558376,1,2026/7/2,
100000568116,1,2026/7/2,
100000568119,1,2026/7/2,
100000568122,1,2026/7/2,
100000568125,1,2026/7/2,
100000568131,1,2026/7/4,
100000597513,1,2026/7/23,
100000597808,1,2026/7/23,
100000597809,1,2026/7/23,
100000597423,1,2026/7/23,
100000597425,1,2026/7/23,
100000597511,1,2026/7/23,
100000597512,1,2026/7/23,
100000597807,1,2026/7/26,
100000597424,1,2026/7/26,
100000659183,1,2026/8/10,
100000659185,1,2026/8/10,
100000659403,1,2026/8/10,
100000659405,1,2026/8/10,
100000659407,1,2026/8/10,
100000659409,1,2026/8/10,
100000597519,1,2026/7/26,
100000069627,4,2026/7/23,
100000485378,1,2026/7/26,
100000485379,1,2026/7/26,
100000485380,1,2026/7/26,
100000485381,1,2026/7/26,
100000485382,1,2026/7/26,
100000485383,1,2026/7/26,
100000485384,1,2026/7/26,
100000456273,1,2026/7/26,
100000450025,1,2026/7/26,
100000485385,1,2026/7/28,
100000485386,1,2026/7/29,
100000485387,1,2026/7/29,
100000485388,1,2026/7/30,
100000485389,1,2026/7/30,
100000485422,1,2026/7/31,
100000485423,1,2026/7/31,
100000485424,1,2026/8/1,
100000485425,1,2026/8/2,
100000485426,1,2026/8/3,
100000485427,1,2026/8/4,
100000514238,1,2026/8/4,
100000514524,1,2026/8/5,
100000514579,1,2026/8/5,
100000514653,1,2026/7/26,
100000514655,1,2026/7/26,
100000514727,1,2026/7/27,
100000514740,1,2026/7/27,
100000515037,1,2026/7/28,
100000450227,1,2026/7/26,
100000450228,1,2026/7/26,
100000450229,1,2026/7/26,
100000450230,1,2026/7/26,
100000450231,1,2026/7/26,
100000450232,1,2026/7/26,
100000450233,1,2026/7/27,
100000450234,1,2026/7/27,
100000450235,1,2026/7/28,
100000568200,1,2026/8/4,
100000568203,1,2026/8/5,
100000568204,1,2026/8/5,
100000568207,1,2026/8/6,
100000597321,1,2026/8/10,
100000597330,1,2026/8/10,
100000597331,1,2026/8/10,
100000597332,1,2026/8/25,
100000597333,1,2026/8/25,
100000322921,1,2026/7/16,
100000371969,2,2026/7/23,
100000347801,2,2026/7/23,
100000347802,1,2026/7/23,
100000319568,2,2026/7/23,
100000322542,2,2026/7/23,
100000323062,2,2026/7/23,
100000323063,2,2026/7/23,
100000323064,2,2026/7/23,
100000367283,2,2026/7/23,
100000367285,1,2026/7/26,
100000371768,2,2026/7/26,
100000371769,2,2026/7/26,
100000549563,2,2026/8/23,
100000549564,2,2026/8/23,
100000549565,2,2026/8/23,
100000549566,2,2026/8/14,
100000549567,2,2026/8/14,
100000549568,1,2026/8/14,
100000485350,2,2026/7/26,
100000485351,2,2026/7/27,
100000485352,2,2026/7/27,
100000485353,2,2026/7/27,
100000485354,2,2026/7/27,
100000485355,2,2026/7/27,
100000485356,2,2026/7/27,
100000485357,2,2026/7/30,
100000485358,1,2026/7/30,
100000485465,2,2026/8/2,
100000485466,2,2026/8/3,
100000550462,2,2026/8/14,
100000550464,2,2026/8/14,
100000550466,2,2026/8/14,
100000550468,2,2026/8/19,
600000001488,1,2026/7/14,
100000338999,6,2026/7/12,
100000414853,2,2026/7/29,
100000474199,1,2026/7/29,
100000450039,3,2026/7/29,
100000474101,3,2026/7/29,
100000485429,2,2026/9/5,
100000487925,2,2026/8/10,
100000540719,1,2026/8/10,
100000485411,6,2026/7/29,
100000485412,6,2026/7/25,
100000414212,1,2026/7/29,
100000597665,1,2026/7/26,
100000597382,1,2026/7/22,
100000488021,1,2026/8/5,
100000414409,1,2026/7/3,
100000257235,1,2026/7/20,
100000568050,1,2026/7/15,
100000257135,1,2026/7/23,
100000414817,1,2026/8/4,
100000414819,1,2026/7/25,
100000597734,1,2026/8/12,
100000414406,1,2026/8/16,
100000387352,6,2026/7/20,
100000387554,6,2026/7/6,
100000507972,9,2026/7/18,
100000465199,6,2026/7/18,
100000488025,6,2026/7/15,
100000514725,20,2026/7/15,
100000514919,9,2026/7/15,
100000532107,6,2026/7/30,
100000659193,20,2026/8/18,
100000659195,16,2026/8/18,
100000537698,6,2026/7/28,
100000561892,3,2026/8/14,
100000567779,6,2026/8/17,
100000659197,6,2026/8/18,
100000567902,3,2026/8/13,
100000567903,3,2026/8/13,
100000659302,2,2026/8/18,
100000659304,2,2026/8/18,
100000659209,1,2026/8/18,
100000647247,6,2026/8/11,
100000659211,6,2026/8/18,
100000647329,12,2026/8/21,
100000659317,12,2026/8/18,
100000659587,3,2026/8/18,
100000659590,15,2026/8/18,
100000659593,9,2026/8/18,
100000473979,1,2026/8/7,
100000032988,1,2026/7/8,
100000589369,1,2026/7/9,
100000187608,1,2026/7/3,
100000232447,1,2026/8/4,
100000267732,1,2026/8/4,
100000474229,1,2026/7/15,
100000474053,1,2026/7/13,
100000474068,1,2026/7/13,
100000474195,1,2026/7/13,
100000474227,1,2026/7/13,
100000474075,1,2026/7/13,
100000490898,1,2026/7/11,
100000474225,1,2026/7/24,
100000474070,1,2026/7/23,
100000474072,1,2026/7/21,
100000474073,1,2026/7/18,
100000490897,1,2026/7/30,
100000558209,1,2026/8/25,
100000474230,1,2026/8/10,
100000474232,1,2026/8/17,
100000490899,1,2026/8/24,
100000027009,1,2026/7/3,
100000027029,1,2026/7/17,
100000026968,1,2026/7/6,
100000026658,1,2026/7/24,
100000322512,1,2026/7/5,
100000322513,1,2026/7/6,
100000371892,1,2026/7/16,
100000371667,1,2026/7/4,
100000387776,1,2026/7/21,
100000371893,1,2026/7/24,
100000410259,1,2026/7/24,
100000410261,1,2026/8/2,
100000490824,1,2026/8/2,
100000033166,1,2026/7/20,
100000033206,3,2026/7/16,
100000033583,1,2026/7/5,
100000514397,1,2026/8/17,
100000514474,1,2026/8/17,
100000214774,2,2026/7/2,
100000319415,2,2026/7/2,
800000012195,1,2026/7/20,
800000012196,1,2026/8/7,
800000012197,1,2026/8/7,
800000012198,1,2026/8/20,
800000012199,1,2026/8/20,
800000012200,1,2026/8/4,
800000012201,1,2026/8/4,
800000012202,1,2026/8/4,
800000012203,1,2026/8/4,
800000012204,1,2026/8/4,
100000533516,2,2026/7/30,
100000533520,2,2026/7/30,
100000533521,2,2026/8/6,
100000533530,1,2026/8/21,
100000526927,1,2026/7/9,
800000013790,1,2026/7/10,
100000068439,2,2026/7/13,
100000068432,1,2026/7/13,
100000068437,5,2026/7/1,
100000526972,1,2026/7/23,
800000013735,1,2026/8/8,
100000490766,1,2026/8/20,
100000296854,1,2026/7/10,
100000656824,1,2026/8/2,
100000656558,1,2026/8/2,
100000414639,1,2026/7/8,
100000540997,1,2026/7/8,
100000574138,1,2026/7/18,
100000574140,1,2026/7/30,
100000597718,1,2026/7/23,
100000598142,4,2026/8/17,
100000527056,1,2026/6/29,
100000527055,1,2026/6/29,
100000526686,1,2026/6/30,
100000527057,1,2026/7/3,
100000527059,1,2026/7/19,
100000527060,1,2026/7/15,
100000526681,1,2026/7/17,
100000527058,1,2026/7/6,
100000656561,1,2026/8/10,
100000656562,1,2026/8/10,
100000656563,1,2026/8/10,
100000656564,1,2026/8/10,
100000656376,1,2026/8/1,
100000656377,1,2026/8/1,
100000656286,1,2026/7/25,
100000656287,1,2026/7/25,
100000568167,1,2026/7/9,
100000550846,2,2026/7/4,
100000550847,2,2026/7/5,
100000550849,2,2026/7/6,
100000550851,2,2026/7/7,
800000009183,1,2026/7/18,
100000551424,1,2026/7/16,
100000550836,2,2026/7/14,
100000551410,2,2026/8/5,
100000551412,2,2026/8/6,
100000551414,2,2026/8/7,
100000551416,2,2026/8/8,
100000551418,2,2026/8/9,
100000551420,2,2026/8/10,
100000551422,2,2026/8/11,
100000549576,2,2026/7/17,
100000549577,2,2026/7/18,
100000549578,2,2026/7/19,
100000549579,2,2026/7/20,
100000549580,2,2026/7/21,
100000550918,2,2026/7/22,
100000551323,2,2026/8/19,
100000580674,1,2026/8/20,
100000357817,2,2026/7/21,
100000387576,2,2026/8/13,
100000574344,2,2026/8/8,
100000326410,2,2026/7/9,
100000432622,1,2026/7/7,
100000437867,3,2026/7/7,
100000449769,1,2026/7/20,
100000438024,1,2026/7/13,
100000437870,3,2026/7/10,
100000449787,2,2026/7/20,
100000438065,1,2026/7/13,
100000437873,2,2026/7/9,
100000437874,1,2026/7/9,
100000449789,2,2026/7/13,
100000438194,1,2026/7/13,
100000647264,1,2026/7/4,
100000647371,2,2026/7/11,
100000449788,2,2026/7/13,
100000573377,1,2026/7/13,
100000647265,1,2026/7/27,
100000647295,2,2026/7/27,
100000437967,1,2026/7/7,
100000437791,2,2026/7/5,
100000366572,1,2026/7/10,
400000002577,1,2026/7/6,
400000002718,1,2026/7/5,
100000553641,1,2026/6/30,
100000456284,1,2026/7/10,
100000526848,1,2026/7/2,
100000526849,1,2026/7/2,
100000526850,1,2026/7/2,
100000526851,1,2026/7/2,
100000526852,1,2026/7/3,
100000526853,1,2026/7/3,
100000526854,1,2026/7/8,
100000526855,1,2026/7/8,
100000526856,1,2026/7/9,
100000526857,1,2026/7/9,
100000526858,1,2026/7/9,
100000526859,1,2026/7/9,
100000526860,1,2026/7/9,
100000526861,1,2026/7/9,
100000526862,1,2026/7/9,
100000526659,1,2026/7/10,
100000526660,1,2026/7/10,
100000526661,1,2026/7/10,
100000526662,1,2026/7/10,
100000526663,1,2026/7/11,
100000526664,1,2026/7/11,
100000526665,1,2026/7/11,
100000526666,1,2026/7/11,
100000526667,1,2026/7/12,
100000526668,1,2026/7/12,
100000526669,1,2026/7/12,
100000526847,1,2026/7/12,
100000526863,1,2026/7/13,
100000526864,1,2026/7/13,
100000526865,1,2026/7/13,
100000526866,1,2026/7/13,
100000526867,1,2026/7/14,
100000526868,1,2026/7/14,
100000526869,1,2026/7/15,
100000526870,1,2026/7/9,
100000526871,1,2026/7/8,
100000526872,1,2026/7/8,
100000526873,1,2026/7/19,
100000526874,1,2026/7/28,
100000526875,1,2026/7/28,
100000526876,1,2026/7/8,
100000526877,1,2026/7/8,
100000527015,1,2026/7/13,
100000527016,1,2026/7/28,
100000527017,1,2026/7/14,
100000527018,1,2026/7/28,
100000527019,1,2026/7/28,
100000414635,1,2026/7/5,
100000367436,1,2026/7/26,
100000622007,2,2026/7/26,
100000323133,1,2026/6/29,
100000366833,1,2026/8/31,
100000597458,1,2026/7/26,
100000622463,1,2026/8/13,
100000414412,1,2026/8/19,
100000622449,2,2026/7/26,
100000377283,1,2026/7/1,
600000001257,1,2026/7/3,
100000366847,1,2026/7/6,
100000366849,1,2026/7/6,
100000371684,1,2026/7/6,
100000377213,1,2026/7/8,
100000387617,1,2026/7/15,
100000430840,1,2026/7/15,
100000469551,1,2026/7/23,
100000469552,1,2026/7/27,
100000469553,1,2026/8/1,
100000490730,1,2026/8/4,
100000568081,1,2026/8/22,
100000485247,1,2026/7/9,
100000485248,1,2026/7/9,
100000273811,1,2026/7/30,
100000469739,1,2026/7/30,
100000557772,1,2026/8/14,
100000635786,1,2026/8/15,
100000635849,1,2026/8/16,
100000469490,1,2026/7/16,
100000273826,1,2026/7/23,
100000469698,2,2026/8/12,
100000469955,2,2026/8/14,
100000635830,2,2026/8/16,
100000430851,5,2026/7/11,
100000319189,5,2026/7/11,
100000323164,2,2026/7/12,
100000224026,1,2026/7/12,
100000347576,5,2026/7/12,
100000347607,3,2026/7/13,
100000387682,5,2026/7/14,
100000455886,5,2026/7/14,
100000387428,5,2026/7/15,
100000387681,5,2026/7/16,
100000387956,5,2026/7/16,
100000387957,3,2026/7/17,
100000456068,3,2026/7/17,
100000388207,5,2026/7/18,
100000388208,3,2026/7/18,
100000322697,5,2026/7/3,
100000322698,3,2026/7/7,
100000339048,5,2026/7/20,
100000339049,3,2026/7/21,
100000347531,5,2026/7/4,
100000353481,1,2026/7/4,
100000365899,5,2026/7/4,
100000365901,3,2026/7/6,
100000371634,5,2026/7/23,
100000371644,2,2026/7/24,
100000371582,2,2026/7/24,
100000339027,5,2026/7/3,
100000347592,5,2026/7/4,
100000455898,5,2026/7/26,
100000339033,1,2026/7/3,
100000347540,1,2026/7/4,
100000338871,5,2026/7/4,
100000224060,1,2026/7/27,
100000456156,5,2026/7/28,
100000456157,5,2026/7/29,
100000456159,5,2026/7/29,
100000456160,5,2026/7/30,
100000456158,5,2026/7/31,
100000323163,5,2026/8/1,
100000338980,5,2026/8/1,
100000323184,5,2026/8/2,
100000323185,3,2026/8/2,
100000456219,1,2026/8/3,
100000367389,5,2026/8/3,
100000456183,5,2026/8/4,
100000387429,1,2026/8/4,
200000004490,1,2026/8/4,
100000430852,1,2026/8/4,
100000456184,5,2026/8/5,
100000456185,2,2026/8/5,
100000322520,2,2026/8/6,
100000338331,2,2026/8/6,
100000347418,2,2026/8/6,
100000338550,3,2026/8/7,
100000455887,3,2026/8/7,
100000388148,3,2026/8/8,
100000455888,1,2026/8/8,
100000455839,2,2026/8/8,
100000338981,2,2026/8/8,
100000347819,5,2026/8/9,
100000347820,2,2026/8/9,
100000365865,4,2026/8/10,
100000347422,1,2026/8/10,
100000347432,1,2026/8/10,
100000387749,5,2026/8/11,
100000387751,3,2026/8/11,
100000456067,5,2026/8/12,
100000347467,3,2026/8/12,
100000347674,5,2026/8/13,
100000366064,5,2026/8/14,
100000456072,5,2026/8/15,
100000347684,1,2026/8/15,
100000455853,1,2026/8/15,
100000366101,5,2026/8/16,
100000366103,5,2026/8/16,
100000366105,5,2026/8/17,
100000366108,5,2026/8/18,
100000366111,5,2026/8/18,
100000366114,5,2026/8/19,
100000366118,5,2026/8/20,
100000366121,5,2026/8/21,
100000490921,3,2026/8/21,
100000507969,5,2026/8/22,
100000507970,4,2026/8/22,
100000515187,3,2026/8/23,
100000561845,1,2026/8/23,
100000573590,3,2026/8/23,
100000629033,2,2026/8/24,
100000635713,5,2026/8/24,
100000635714,5,2026/8/25,
100000635715,5,2026/8/26,
100000635716,5,2026/8/26,
100000635717,2,2026/8/27,
100000635820,5,2026/8/27,
100000455905,1,2026/8/28,
100000367391,5,2026/8/28,
100000367394,1,2026/8/28,
100000371754,5,2026/8/29,
100000371755,5,2026/8/30,
100000371756,1,2026/8/30,
100000366962,5,2026/8/31,
100000366965,5,2026/8/31,
100000456099,5,2026/8/2,
100000456100,5,2026/8/3,
100000456101,3,2026/8/3,
100000455872,5,2026/8/4,
100000455873,5,2026/8/5,
100000455874,4,2026/8/5,
100000372023,5,2026/8/6,
100000372024,5,2026/8/7,
100000372025,5,2026/8/7,
100000387336,5,2026/8/8,
100000387337,5,2026/8/9,
100000387338,5,2026/8/10,
100000455875,5,2026/8/10,
100000455876,5,2026/8/11,
100000455877,5,2026/8/12,
100000387835,5,2026/8/12,
100000387837,1,2026/8/13,
100000455927,5,2026/8/13,
100000455928,1,2026/8/13,
100000456239,5,2026/8/14,
100000456240,5,2026/8/15,
100000456241,5,2026/8/16,
100000456016,5,2026/8/16,
100000456017,2,2026/8/17,
100000455941,5,2026/8/17,
100000456249,3,2026/8/18,
100000456259,5,2026/8/18,
100000456260,1,2026/8/19,
100000456019,4,2026/8/19,
100000490787,4,2026/8/20,
100000508065,4,2026/8/20,
100000514463,4,2026/8/21,
100000561943,4,2026/8/21,
100000567796,1,2026/8/22,
100000573378,4,2026/8/22,
100000629347,4,2026/8/23,
100000635718,4,2026/8/23,
100000651834,2,2026/8/24,
100000663659,2,2026/8/24,
100000456262,2,2026/8/24,
100000490717,2,2026/8/24,
100000507894,2,2026/8/25,
100000514978,2,2026/8/25,
100000561963,2,2026/8/25,
100000568216,2,2026/8/26,
100000573388,2,2026/8/26,
100000629444,2,2026/8/26,
100000635967,2,2026/8/26,
100000651838,2,2026/8/27,
100000456150,4,2026/8/27,
100000456161,5,2026/8/28,
100000456162,5,2026/8/29,
100000456163,5,2026/8/29,
100000456164,5,2026/8/30,
100000456165,5,2026/8/31,
100000456166,5,2026/9/5,
100000456167,5,2026/9/5,
100000456168,2,2026/9/5,
100000360347,1,2026/6/29,
100000367223,1,2026/7/20,
100000367297,1,2026/7/12,
100000366893,1,2026/7/20,
100000388161,1,2026/7/28,
100000427618,1,2026/8/4,
100000427620,1,2026/8/5,
100000490969,1,2026/8/23,
100000647167,1,2026/8/12,
100000647218,1,2026/8/13,
100000255107,1,2026/7/9,
100000033863,1,2026/7/4,
100000255499,1,2026/7/9,
100000255748,1,2026/7/9,
100000255338,1,2026/7/6,
100000255559,1,2026/6/29,
100000262430,1,2026/7/8,
100000269887,1,2026/7/9,
100000267648,1,2026/7/9,
100000550369,1,2026/7/13,
100000550370,1,2026/7/12,
100000269888,1,2026/6/29,
100000300617,1,2026/7/9,
100000369522,1,2026/7/9,
100000550366,1,2026/7/11,
100000550368,1,2026/7/13,
100000307126,1,2026/7/10,
100000540836,1,2026/7/10,
100000540838,1,2026/7/20,
100000540846,1,2026/7/19,
100000540849,1,2026/7/31,
100000540851,1,2026/8/1,
100000597909,1,2026/7/6,
100000597910,1,2026/7/7,
100000550367,1,2026/7/16,
100000540237,1,2026/7/17,
100000068869,1,2026/7/17,
100000540844,1,2026/7/18,
100000385713,1,2026/7/19,
100000540840,1,2026/7/23,
100000540842,1,2026/7/23,
100000540848,1,2026/7/25,
100000597911,1,2026/7/7,
100000597365,1,2026/7/8,
100000598138,1,2026/7/8,
100000598139,1,2026/7/9,
100000597567,1,2026/7/9,
100000597568,1,2026/7/10,
100000597569,1,2026/7/10,
100000597570,1,2026/7/11,
100000550371,1,2026/8/6,
100000550372,1,2026/8/6,
100000550373,1,2026/8/6,
100000550374,1,2026/8/6,
100000550824,1,2026/7/27,
100000550826,1,2026/7/27,
100000550828,1,2026/7/27,
100000550830,1,2026/7/27,
100000550832,1,2026/7/27,
100000550834,1,2026/7/30,
100000597571,1,2026/7/11,
100000597572,1,2026/7/12,
100000597573,1,2026/7/12,
100000656436,1,2026/8/14,
100000656437,1,2026/8/14,
100000656438,1,2026/8/15,
100000656439,1,2026/8/15,
100000656440,1,2026/8/15,
100000656441,1,2026/8/16,
100000659220,1,2026/8/16,
100000659222,1,2026/8/16,
100000659224,1,2026/8/17,
100000597620,1,2026/7/13,
100000597380,1,2026/7/13,
100000597670,1,2026/7/14,
100000597671,1,2026/7/14,
100000597672,1,2026/7/15,
100000597673,1,2026/7/15,
100000597674,1,2026/7/16,
100000597675,1,2026/8/12,
100000028775,1,2026/7/2,
600000001266,2,2026/7/9,
100000033884,1,2026/6/30,
100000033905,1,2026/6/30,
100000034059,1,2026/6/29,
100000033878,1,2026/7/3,
100000070154,1,2026/7/4,
100000068558,1,2026/7/5,
100000068559,1,2026/7/6,
100000255882,1,2026/7/7,
100000549873,1,2026/7/8,
100000551100,1,2026/7/9,
100000238854,1,2026/7/10,
100000414812,1,2026/7/11,
100000414814,1,2026/7/12,
100000250316,1,2026/7/13,
100000256654,1,2026/7/14,
100000551102,1,2026/7/15,
100000414813,1,2026/7/16,
100000033830,1,2026/7/17,
100000033870,1,2026/7/18,
100000551104,1,2026/7/19,
100000551106,1,2026/7/20,
100000551108,1,2026/7/21,
100000551110,1,2026/7/22,
100000551112,1,2026/7/23,
100000551114,1,2026/7/24,
100000540208,1,2026/7/25,
100000540209,1,2026/7/26,
100000540238,1,2026/7/27,
100000540239,1,2026/7/28,
100000540991,1,2026/7/29,
100000540993,1,2026/7/30,
100000541003,1,2026/7/31,
100000541005,1,2026/8/1,
100000541007,1,2026/8/2,
100000541009,1,2026/8/3,
100000541011,1,2026/8/4,
100000541126,1,2026/8/5,
100000597906,1,2026/8/6,
100000597907,1,2026/8/7,
100000597908,1,2026/8/8,
100000597368,1,2026/8/9,
100000597369,1,2026/8/10,
100000597370,1,2026/8/11,
100000597574,1,2026/8/12,
100000598149,1,2026/8/13,
100000598150,1,2026/8/14,
100000598151,1,2026/8/15,
100000598152,1,2026/8/16,
100000598153,1,2026/8/17,
100000598154,1,2026/8/18,
100000629098,1,2026/8/19,
100000629099,1,2026/8/20,
100000656442,1,2026/8/21,
100000656443,1,2026/8/22,
100000597621,1,2026/8/23,
100000597652,1,2026/8/24,
100000597653,1,2026/8/25,
100000597654,1,2026/8/26,
100000597655,1,2026/8/27,
100000597627,1,2026/8/28,
100000597628,1,2026/8/29,
100000597629,1,2026/8/30,
100000597630,1,2026/8/31,
100000597631,1,2026/8/2,
100000597632,1,2026/8/3,
100000597633,1,2026/8/4,
100000574049,1,2026/7/23,
100000574052,1,2026/7/26,
100000574055,1,2026/7/26,
100000574058,1,2026/7/26,
100000574060,1,2026/7/26,
100000598096,1,2026/7/5,
100000598097,1,2026/7/6,
100000598098,1,2026/8/25,
100000598112,1,2026/8/26,
100000597532,1,2026/7/27,
100000597533,1,2026/7/27,
100000597534,1,2026/8/6,
100000597535,1,2026/8/6,
100000597562,1,2026/8/6,
100000597563,1,2026/7/10,
100000597564,1,2026/7/10,
100000597565,1,2026/7/11,
100000597617,1,2026/7/11,
100000597618,1,2026/7/12,
100000597619,1,2026/7/12,
100000597373,1,2026/7/26,
100000597374,1,2026/7/26,
100000597375,1,2026/7/27,
100000597376,1,2026/7/27,
100000597470,1,2026/7/27,
100000597471,1,2026/7/27,
400000002582,2,2026/7/27,
400000002673,1,2026/8/28,
400000002576,1,2026/7/8,
400000002672,1,2026/7/11,
100000227115,1,2026/7/30,
100000227117,1,2026/7/30,
400000002565,1,2026/7/8,
100000606163,4,2026/7/3,
100000606165,4,2026/7/3,
800000010832,2,2026/7/7,
100000527051,1,2026/7/16,
100000527052,1,2026/8/10,
100000526771,1,2026/7/6,
100000526831,1,2026/7/16,
100000558465,1,2026/9/5,
100000488050,6,2026/7/9,
100000546451,1,2026/8/24,
400000000804,1,2026/6/29,
100000558391,1,2026/6/29,
100000322602,1,2026/6/29,
100000170011,1,2026/7/3,
100000558394,1,2026/6/29,
100000437785,1,2026/7/7,
100000322603,1,2026/8/16,
100000490837,1,2026/7/13,
100000598120,1,2026/7/16,
100000269841,1,2026/7/5,
100000263914,1,2026/6/29,
100000269724,1,2026/7/3,
100000322703,1,2026/7/6,
100000322704,1,2026/6/29,
100000388209,1,2026/7/7,
100000388210,1,2026/7/4,
100000388211,1,2026/7/5,
100000388212,1,2026/7/6,
100000561999,1,2026/7/23,
100000568039,1,2026/7/23,
100000568043,1,2026/7/23,
100000644403,1,2026/7/23,
100000360358,1,2026/7/23,
100000568041,1,2026/7/23,
100000360357,1,2026/7/23,
100000360359,1,2026/7/23,
100000360468,1,2026/7/23,
100000600975,1,2026/7/23,
100000360462,1,2026/7/23,
100000526631,1,2026/7/23,
100000526715,1,2026/7/23,
100000540198,1,2026/7/24,
100000540199,1,2026/7/24,
100000601076,1,2026/7/26,
100000601078,1,2026/7/28,
100000601079,1,2026/7/31,
100000629041,1,2026/8/6,
100000629042,1,2026/8/6,
100000656322,1,2026/8/4,
100000656323,1,2026/8/4,
100000360355,1,2026/7/23,
100000360356,1,2026/7/23,
100000601033,1,2026/7/26,
100000601035,1,2026/7/26,
100000601121,1,2026/7/31,
100000601123,1,2026/8/4,
100000601124,1,2026/8/4,
100000601173,1,2026/8/4,
100000601174,1,2026/8/4,
100000601175,1,2026/7/31,
100000629101,1,2026/8/6,
100000629102,1,2026/8/6,
100000379635,1,2026/7/10,
100000379640,1,2026/7/7,
100000379642,1,2026/7/7,
100000379648,1,2026/7/7,
100000352153,1,2026/7/6,
100000352154,1,2026/7/6,
100000430909,1,2026/7/20,
100000414559,1,2026/6/30,
100000414558,1,2026/6/29,
100000430934,1,2026/6/29,
100000532055,1,2026/7/16,
100000532056,1,2026/7/16,
100000573934,1,2026/7/28,
100000573936,1,2026/7/28,
100000635867,1,2026/7/8,
100000635868,1,2026/7/8,
100000647151,1,2026/8/27,
100000647152,1,2026/8/27,
100000659555,1,2026/8/4,
100000659557,1,2026/8/4,
100000532057,2,2026/7/16,
100000635809,2,2026/7/30,
100000635979,2,2026/8/3,
100000659524,2,2026/8/4,
100000659569,2,2026/8/4,
100000430896,1,2026/7/7,
100000377244,1,2026/7/4,
100000469556,1,2026/7/19,
100000490960,1,2026/7/28,
100000469956,1,2026/7/24,
100000469557,1,2026/8/20,
100000568423,1,2026/8/3,
100000573968,1,2026/8/3,
100000067932,1,2026/7/10,
100000656284,4,2026/8/10,
100000656285,4,2026/8/10,
800000014674,1,2026/7/12,
800000014675,1,2026/8/12,
800000014676,1,2026/8/10,
100000566753,3,2026/7/13,
100000566627,1,2026/7/26,
100000566159,1,2026/7/2,
100000566165,1,2026/7/5,
100000566166,1,2026/7/5,
100000566168,1,2026/7/8,
100000566177,1,2026/7/8,
100000566283,1,2026/7/12,
100000566287,1,2026/7/12,
100000566289,1,2026/7/12,
100000566459,1,2026/7/13,
100000566461,1,2026/7/16,
100000566408,1,2026/7/12,
100000566183,1,2026/7/9,
100000566187,1,2026/7/11,
100000566501,1,2026/7/16,
100000659189,1,2026/8/4,
100000566504,1,2026/7/17,
100000659191,1,2026/8/6,
100000566734,1,2026/7/30,
100000566735,1,2026/8/3,
100000566738,1,2026/7/12,
100000566339,1,2026/7/12,
100000566341,1,2026/7/12,
100000566343,1,2026/7/12,
100000659201,1,2026/8/4,
100000659203,1,2026/8/4,
100000659205,1,2026/8/4,
100000566519,1,2026/7/26,
100000574068,1,2026/7/17,
100000659306,1,2026/8/4,
100000574074,1,2026/7/18,
100000659310,1,2026/8/4,
100000647168,1,2026/7/28,
100000659313,1,2026/8/1,
100000659512,1,2026/8/1,
100000659515,1,2026/8/1,
100000659516,1,2026/8/1,
100000659454,1,2026/8/1,
100000659456,1,2026/8/1,
100000659457,1,2026/8/1,
100000659459,1,2026/8/1,
100000659461,1,2026/8/1,
100000659463,1,2026/8/1,
100000659464,1,2026/8/1,
200000004841,1,2026/7/15,
100000284060,1,2026/7/18,
800000007105,2,2026/7/18,
100000284185,1,2026/7/18,
100000431086,1,2026/7/5,
100000567955,1,2026/7/6,
100000597538,1,2026/7/30,
100000474263,1,2026/7/11,
100000474262,1,2026/7/1,
100000328409,2,2026/7/14,
100000414285,1,2026/7/5,
100000414286,1,2026/7/29,
100000526954,1,2026/7/29,
100000526955,1,2026/7/29,
100000371784,6,2026/7/14,
100000507939,3,2026/7/14,
100000635643,6,2026/7/9,
100000659584,3,2026/8/4,
100000574265,1,2026/7/8,
100000431084,1,2026/7/2,
100000474141,1,2026/7/6,
100000264052,1,2026/8/2,
100000385714,1,2026/7/9,
700000000016,1,2026/7/2,
100000573939,1,2026/7/9,
100000647298,2,2026/7/4,
100000449913,1,2026/7/4,
100000567756,1,2026/7/6,
100000597528,1,2026/7/30,
100000410242,1,2026/8/2,
100000450173,9,2026/7/5,
100000567811,9,2026/7/6,
100000597530,9,2026/7/30,
100000567708,1,2026/7/16,
100000597466,1,2026/7/18,
100000589372,2,2026/7/5,
100000647294,2,2026/7/30,
100000529912,1,2026/7/5,
100000431164,1,2026/7/5,
100000568080,1,2026/7/6,
100000597527,1,2026/7/30,
100000307494,1,2026/6/30,
100000307495,1,2026/6/30,
100000307496,1,2026/6/30,
100000306606,1,2026/7/16,
100000307497,1,2026/7/16,
100000307498,1,2026/7/16,
100000474113,1,2026/7/16,
100000473934,1,2026/7/16,
100000487914,1,2026/7/16,
100000473937,1,2026/7/23,
100000473941,1,2026/7/30,
100000487882,1,2026/8/2,
100000487883,1,2026/8/2,
100000487884,1,2026/8/2,
100000474024,1,2026/7/30,
100000474026,1,2026/7/30,
100000474028,1,2026/8/2,
100000597952,1,2026/8/2,
100000598067,1,2026/8/2,
100000598068,1,2026/8/2,
100000598069,1,2026/8/2,
100000622335,1,2026/7/11,
100000635679,1,2026/7/18,
100000635680,1,2026/7/18,
100000635681,1,2026/7/18,
100000635682,1,2026/7/18,
100000659254,1,2026/8/2,
100000573556,1,2026/7/19,
100000622228,1,2026/7/25,
100000597468,4,2026/8/2,
100000635512,4,2026/7/18,
100000659245,1,2026/8/10,
100000307524,1,2026/6/29,
100000306610,1,2026/6/29,
100000474240,1,2026/6/29,
100000307523,4,2026/7/11,
100000473955,4,2026/7/23,
100000487996,4,2026/7/20,
100000474031,2,2026/7/15,
100000597991,4,2026/8/2,
100000622094,1,2026/7/11,
100000635586,4,2026/7/18,
100000514961,4,2026/7/5,
100000514423,4,2026/6/29,
100000514762,4,2026/6/29,
100000622464,1,2026/7/25,
100000514785,1,2026/7/1,
100000514586,4,2026/7/24,
100000597990,4,2026/8/2,
100000635549,4,2026/7/18,
800000007303,10,2026/7/11,
100000232461,8,2026/7/11,
100000259752,2,2026/7/11,
100000388033,2,2026/7/11,
800000007307,10,2026/7/11,
100000225224,16,2026/7/11,
100000360387,2,2026/7/11,
100000360390,2,2026/7/11,
100000360391,2,2026/7/11,
100000520106,2,2026/7/11,
100000520442,2,2026/7/4,
100000518660,2,2026/7/11,
100000520677,2,2026/7/23,
100000521160,2,2026/7/23,
100000522646,2,2026/7/19,
100000518834,2,2026/7/19,
100000518859,2,2026/7/19,
100000518872,2,2026/7/19,
100000519573,2,2026/7/18,
100000519843,2,2026/7/18,
100000521064,2,2026/7/15,
100000521712,2,2026/7/14,
100000522188,2,2026/7/21,
100000522935,2,2026/6/29,
100000518047,2,2026/7/6,
100000519057,2,2026/7/1,
100000519154,2,2026/7/1,
100000519244,2,2026/6/29,
100000520215,2,2026/6/29,
100000520432,2,2026/6/29,
100000521014,2,2026/7/3,
100000522023,2,2026/7/4,
100000518201,2,2026/7/5,
100000521216,2,2026/7/7,
100000518499,2,2026/7/8,
100000521537,2,2026/7/9,
100000522133,2,2026/7/9,
100000522834,2,2026/7/10,
100000518316,2,2026/7/11,
100000518282,2,2026/7/14,
100000519429,2,2026/7/13,
100000519785,2,2026/7/14,
100000520402,2,2026/7/14,
100000520464,2,2026/7/14,
100000520311,2,2026/7/6,
100000519608,1,2026/7/11,
100000257199,2,2026/7/11,
100000259684,2,2026/7/7,
100000520687,2,2026/7/15,
100000521255,2,2026/7/15,
100000521772,2,2026/7/15,
100000522067,2,2026/7/16,
100000522237,2,2026/7/16,
100000522359,2,2026/7/16,
100000522376,2,2026/7/16,
100000522441,2,2026/7/17,
100000522640,2,2026/7/17,
100000522711,2,2026/7/17,
100000522921,2,2026/7/18,
100000532258,2,2026/7/18,
100000532259,2,2026/7/18,
100000532260,2,2026/7/19,
100000532261,2,2026/7/19,
100000532262,2,2026/7/19,
100000532263,2,2026/7/19,
100000558253,2,2026/7/10,
100000558255,2,2026/7/10,
100000558257,2,2026/7/10,
100000558259,2,2026/7/10,
100000558261,2,2026/7/10,
100000558264,2,2026/7/10,
100000558266,2,2026/7/10,
100000558268,2,2026/7/10,
100000558270,2,2026/7/10,
100000558272,2,2026/7/10,
100000558274,2,2026/7/10,
100000558276,2,2026/7/10,
100000558278,2,2026/7/10,
100000558280,2,2026/7/10,
100000558282,2,2026/7/10,
100000558284,2,2026/7/10,
100000558286,2,2026/7/10,
100000558289,2,2026/7/10,
100000558291,2,2026/7/10,
100000558293,2,2026/7/10,
100000558295,2,2026/7/10,
100000558413,2,2026/7/10,
100000558417,2,2026/7/10,
100000558420,2,2026/7/10,
100000558423,2,2026/7/10,
100000558426,2,2026/7/10,
100000558428,2,2026/7/10,
100000558431,2,2026/7/10,
100000558434,2,2026/7/10,
100000558436,2,2026/7/10,
100000558439,2,2026/7/10,
100000558443,2,2026/7/10,
100000558446,2,2026/7/14,
100000558448,2,2026/7/14,
100000558451,2,2026/7/14,
100000558454,2,2026/7/14,
100000558457,2,2026/7/14,
100000558460,2,2026/7/21,
100000567880,2,2026/7/21,
100000567882,2,2026/7/22,
100000567948,2,2026/7/23,
100000567949,2,2026/7/23,
100000567951,2,2026/7/24,
100000616305,2,2026/7/24,
100000616308,2,2026/7/25,
100000616312,2,2026/7/25,
100000616315,2,2026/7/26,
100000616318,2,2026/7/26,
100000629659,2,2026/8/25,
100000629660,2,2026/8/26,
100000629661,2,2026/8/26,
100000629662,2,2026/8/27,
100000629663,2,2026/8/27,
100000567892,2,2026/7/22,
100000567894,2,2026/7/27,
100000616322,2,2026/7/27,
100000616325,2,2026/7/28,
100000629664,2,2026/8/28,
100000629665,2,2026/8/28,
100000616328,2,2026/7/28,
100000616332,2,2026/7/29,
100000616335,2,2026/7/29,
100000616337,2,2026/7/30,
100000616340,2,2026/7/30,
100000616343,2,2026/7/31,
100000616347,2,2026/7/31,
100000616350,2,2026/8/1,
100000616352,2,2026/8/1,
100000616356,2,2026/8/2,
100000616358,2,2026/8/2,
100000616360,2,2026/8/3,
100000616364,2,2026/8/3,
100000616367,2,2026/8/4,
100000616370,2,2026/8/4,
100000616372,2,2026/8/5,
100000616375,2,2026/8/5,
100000616692,2,2026/8/14,
100000629107,2,2026/8/15,
100000629108,2,2026/8/15,
100000629109,2,2026/8/16,
100000629110,2,2026/8/16,
100000629111,2,2026/8/17,
100000629112,2,2026/8/17,
100000629113,2,2026/8/18,
100000629114,2,2026/8/18,
100000629115,2,2026/8/19,
100000629116,2,2026/8/19,
100000629117,2,2026/8/20,
100000629118,2,2026/8/20,
100000629119,2,2026/8/21,
100000629120,2,2026/8/21,
100000629201,2,2026/8/22,
100000629202,2,2026/8/29,
100000629203,2,2026/8/29,
100000629204,2,2026/8/30,
100000616384,2,2026/8/6,
100000616387,2,2026/8/6,
100000616390,2,2026/8/7,
100000616392,2,2026/8/7,
100000616396,2,2026/8/8,
100000616399,2,2026/8/8,
100000616401,2,2026/8/9,
100000616404,2,2026/8/9,
100000616407,2,2026/8/10,
100000616410,2,2026/8/10,
100000616414,2,2026/8/11,
100000616417,2,2026/8/11,
100000616419,2,2026/8/12,
100000616422,2,2026/8/12,
100000616424,2,2026/8/13,
100000616427,2,2026/8/13,
100000616430,2,2026/8/14,
100000616497,2,2026/8/22,
100000616500,2,2026/8/23,
100000616503,2,2026/8/23,
100000616506,2,2026/8/24,
100000616509,2,2026/8/24,
100000616513,2,2026/8/25,
100000629209,2,2026/8/30,
100000629210,2,2026/8/31,
100000629211,2,2026/8/31,
100000629212,2,2026/8/2,
100000629213,2,2026/8/2,
100000629214,2,2026/8/3,
100000629215,2,2026/8/3,
100000629216,2,2026/8/4,
100000629217,2,2026/8/4,
100000629218,2,2026/8/5,
100000629219,2,2026/8/5,
100000629258,2,2026/8/6,
100000629259,2,2026/8/6,
100000629260,2,2026/8/7,
100000629261,2,2026/8/7,
100000629262,2,2026/8/8,
100000629263,2,2026/8/8,
100000629264,2,2026/8/9,
100000629265,2,2026/8/9,
100000629266,2,2026/8/10,
100000629267,2,2026/8/10,
100000629268,2,2026/8/11,
100000629269,2,2026/8/11,
100000629270,2,2026/8/12,
100000629369,2,2026/8/12,
100000629370,2,2026/8/13,
100000629371,2,2026/8/13,
100000629372,2,2026/8/14,
100000629373,2,2026/8/14,
100000629374,2,2026/8/15,
100000629375,2,2026/8/15,
100000629376,2,2026/8/16,
100000629377,2,2026/8/16,
100000629564,2,2026/8/17,
100000629565,2,2026/8/17,
100000629566,2,2026/8/18,
100000629567,2,2026/8/18,
100000573507,1,2026/7/5,
100000663377,1,2026/8/1,
100000573535,1,2026/7/11,
100000573956,1,2026/7/11,
100000573804,2,2026/7/16,
100000573807,2,2026/7/16,
100000573810,2,2026/7/16,
100000124371,18,2026/6/29,
100000574257,1,2026/7/11,
100000573950,1,2026/7/4,
100000573995,2,2026/7/4,
100000284052,1,2026/7/15,
100000284178,2,2026/7/5,
100000322827,1,2026/8/3,
100000438066,2,2026/8/2,
100000438067,1,2026/8/2,
100000449596,1,2026/8/2,
100000254891,1,2026/7/6,
100000070148,1,2026/7/7,
100000070147,1,2026/7/8,
100000256247,1,2026/7/9,
100000287697,1,2026/7/10,
100000307724,1,2026/7/11,
100000307725,1,2026/7/12,
100000307726,1,2026/7/13,
100000307727,1,2026/7/14,
100000307730,1,2026/7/15,
100000338947,1,2026/7/16,
100000338835,1,2026/7/17,
100000338839,1,2026/7/18,
100000338840,1,2026/7/19,
100000338842,1,2026/7/20,
100000287699,1,2026/7/21,
100000287700,1,2026/7/22,
100000307733,1,2026/7/23,
100000338971,1,2026/7/24,
100000254970,1,2026/7/25,
100000257186,1,2026/7/26,
100000338946,1,2026/7/27,
100000338949,1,2026/7/28,
100000338836,1,2026/7/29,
100000338950,1,2026/7/30,
100000287940,1,2026/8/10,
100000306884,1,2026/8/1,
100000306885,1,2026/8/2,
100000338945,1,2026/8/3,
100000338948,1,2026/8/4,
100000338969,1,2026/8/5,
100000338970,1,2026/8/6,
100000338972,1,2026/8/7,
100000338734,1,2026/8/8,
100000338735,1,2026/8/9,
100000338845,1,2026/8/10,
100000338846,1,2026/8/11,
100000338847,1,2026/8/12,
100000338848,1,2026/8/13,
100000338849,1,2026/8/14,
100000338850,1,2026/8/15,
100000347604,1,2026/8/16,
100000307731,1,2026/8/17,
100000338841,1,2026/8/18,
100000549834,1,2026/8/19,
100000549835,1,2026/8/20,
100000549836,1,2026/8/21,
100000549837,1,2026/8/22,
100000347605,1,2026/8/23,
100000347606,1,2026/8/24,
100000347611,1,2026/8/25,
100000347612,1,2026/8/26,
100000347613,1,2026/8/27,
100000360377,1,2026/8/28,
100000360378,1,2026/8/29,
100000360379,1,2026/8/30,
100000360380,1,2026/8/31,
100000360381,1,2026/8/2,
100000338857,1,2026/8/3,
100000338858,1,2026/8/4,
100000338859,1,2026/8/5,
100000338860,1,2026/8/6,
100000338865,1,2026/8/7,
100000338868,1,2026/8/8,
100000360509,1,2026/8/9,
100000360511,1,2026/8/10,
100000360513,1,2026/8/11,
100000360514,1,2026/8/12,
100000360520,1,2026/8/13,
100000360522,1,2026/8/14,
100000387363,1,2026/8/15,
100000549772,1,2026/8/16,
100000549773,1,2026/8/17,
100000549774,1,2026/8/18,
100000549775,1,2026/8/19,
100000387632,1,2026/8/20,
100000387633,1,2026/8/21,
100000387634,1,2026/8/22,
100000387635,1,2026/8/23,
100000549777,1,2026/8/24,
100000549778,1,2026/8/25,
100000656301,1,2026/8/26,
100000656302,1,2026/8/27,
100000656303,1,2026/8/28,
100000656304,1,2026/8/29,
100000656305,1,2026/8/30,
100000656415,1,2026/8/31,
100000307482,1,2026/7/23,
100000338964,1,2026/7/26,
100000307484,1,2026/7/26,
100000338965,1,2026/7/26,
100000069711,1,2026/7/23,
100000287722,1,2026/7/26,
100000307581,1,2026/7/13,
100000347502,1,2026/7/29,
100000338752,1,2026/7/30,
100000306890,1,2026/7/14,
100000306891,1,2026/7/25,
100000360405,1,2026/8/12,
100000360406,1,2026/8/13,
100000360407,1,2026/8/14,
100000339021,1,2026/8/15,
100000360457,1,2026/8/16,
100000338823,1,2026/8/17,
100000338824,1,2026/8/18,
100000338825,1,2026/8/19,
100000338826,1,2026/8/20,
100000338827,1,2026/8/21,
100000338828,1,2026/8/27,
100000347503,1,2026/8/28,
100000347504,1,2026/8/17,
100000347505,1,2026/8/18,
100000338745,1,2026/8/5,
100000360385,1,2026/8/28,
100000338750,1,2026/8/6,
100000338751,1,2026/8/7,
100000338753,1,2026/8/29,
100000360433,1,2026/8/30,
100000360434,1,2026/8/31,
100000360478,1,2026/8/4,
100000360479,1,2026/8/5,
100000360474,1,2026/8/2,
100000360475,1,2026/8/3,
100000360480,1,2026/8/6,
100000360481,1,2026/8/7,
100000347506,1,2026/8/19,
100000347507,1,2026/8/20,
100000360501,1,2026/8/21,
100000360502,1,2026/8/22,
100000360503,1,2026/8/23,
100000360504,1,2026/8/24,
100000360505,1,2026/8/25,
100000360506,1,2026/8/26,
100000367161,1,2026/8/27,
100000367163,1,2026/8/28,
100000367165,1,2026/8/29,
100000371702,1,2026/8/30,
100000371703,1,2026/8/31,
100000371704,1,2026/8/2,
100000371900,1,2026/8/8,
100000371901,1,2026/8/9,
100000414213,1,2026/8/10,
100000550011,1,2026/8/11,
100000550012,1,2026/8/12,
100000550013,1,2026/8/13,
100000550014,1,2026/8/14,
100000656356,1,2026/8/1,
100000656357,1,2026/8/1,
100000656358,1,2026/8/1,
100000465230,1,2026/8/4,
100000449956,2,2026/8/10,
100000338540,2,2026/8/10,
100000414849,2,2026/8/10,
100000449953,6,2026/7/24,
100000449954,6,2026/7/24,
100000414663,4,2026/7/23,
100000449520,4,2026/7/21,
100000449726,6,2026/7/21,
100000449727,6,2026/7/21,
100000449728,4,2026/7/21,
100000450219,6,2026/8/20,
100000450220,6,2026/8/16,
100000450221,6,2026/8/16,
100000450222,6,2026/8/16,
100000597366,1,2026/7/9,
100000338480,1,2026/6/30,
100000508082,1,2026/7/2,
100000338992,1,2026/7/8,
100000338994,1,2026/7/8,
100000338995,1,2026/7/8,
100000338996,1,2026/7/8,
100000371869,1,2026/7/11,
100000371871,1,2026/7/16,
100000338805,1,2026/7/2,
100000338997,1,2026/7/3,
100000371870,1,2026/7/2,
100000338812,1,2026/7/16,
100000338806,1,2026/7/16,
100000371872,1,2026/7/27,
100000449506,1,2026/7/27,
100000449507,1,2026/7/27,
100000449508,1,2026/7/16,
100000449509,1,2026/7/27,
100000449510,1,2026/7/27,
100000449657,1,2026/7/27,
100000449658,1,2026/7/27,
100000449659,1,2026/7/15,
100000449660,1,2026/7/16,
100000449661,1,2026/7/18,
100000449662,1,2026/7/19,
100000449663,1,2026/7/20,
100000449664,1,2026/7/21,
100000450122,1,2026/7/22,
100000450123,1,2026/7/23,
100000449655,1,2026/7/19,
100000449656,1,2026/7/18,
100000449505,1,2026/7/2,
100000507837,1,2026/7/14,
100000507838,1,2026/7/15,
100000507839,1,2026/8/12,
100000507840,1,2026/8/13,
100000450244,1,2026/7/18,
100000450245,1,2026/7/19,
100000450246,1,2026/8/16,
100000450247,1,2026/8/17,
100000450248,1,2026/8/18,
100000450249,1,2026/8/19,
100000450250,1,2026/8/20,
100000450251,1,2026/8/21,
100000255546,1,2026/7/8,
100000529860,1,2026/7/10,
100000647297,2,2026/7/30,
100000399846,1,2026/7/27,
100000399886,1,2026/7/27,
100000414626,1,2026/7/27,
100000414627,1,2026/7/27,
100000449643,1,2026/7/14,
100000449739,1,2026/7/5,
100000449738,1,2026/7/27,
100000399847,1,2026/7/27,
100000399888,1,2026/8/6,
100000449642,1,2026/8/6,
100000449740,1,2026/7/22,
100000449741,1,2026/7/13,
100000449742,1,2026/7/14,
100000449743,1,2026/7/15,
100000449744,1,2026/7/16,
100000449745,1,2026/7/17,
100000449921,1,2026/7/18,
100000449923,1,2026/7/19,
100000449924,1,2026/8/20,
100000449925,1,2026/8/20,
100000449926,1,2026/8/20,
100000449927,1,2026/8/20,
100000449928,1,2026/8/16,
100000449929,1,2026/8/16,
100000450165,1,2026/8/16,
100000450166,1,2026/8/16,
100000450167,1,2026/8/16,
100000450168,1,2026/8/16,
100000449501,1,2026/7/27,
100000399843,1,2026/7/27,
100000399844,1,2026/7/27,
100000449680,1,2026/7/4,
100000449755,1,2026/7/27,
100000399845,1,2026/7/27,
100000414420,1,2026/7/27,
100000414687,1,2026/7/27,
100000449679,1,2026/8/6,
100000449754,1,2026/7/16,
100000449756,1,2026/7/19,
100000449757,1,2026/7/20,
100000449758,1,2026/7/22,
100000449759,1,2026/7/23,
100000449760,1,2026/7/25,
100000449761,1,2026/7/26,
100000449762,1,2026/7/28,
100000449763,1,2026/7/29,
100000449975,1,2026/8/20,
100000449976,1,2026/8/20,
100000450076,1,2026/8/20,
100000450077,1,2026/8/20,
100000450078,1,2026/8/16,
100000450079,1,2026/8/16,
100000450080,1,2026/8/16,
100000450081,1,2026/8/16,
100000450082,1,2026/8/16,
100000450178,1,2026/8/16,
100000527048,1,2026/7/29,
100000527049,1,2026/7/29,
100000527050,1,2026/7/29,
100000414516,2,2026/6/29,
100000414512,2,2026/7/11,
100000414518,2,2026/6/29,
100000414517,2,2026/6/29,
100000414311,1,2026/7/10,
100000414515,2,2026/6/29,
100000414519,2,2026/6/29,
100000414521,2,2026/7/3,
100000414526,2,2026/7/5,
100000414527,2,2026/7/6,
100000414520,2,2026/7/3,
100000414522,2,2026/7/3,
100000414523,2,2026/7/4,
100000414524,2,2026/7/4,
100000414525,2,2026/7/5,
100000414741,2,2026/7/9,
100000322676,2,2026/7/3,
100000322582,2,2026/7/3,
100000414528,2,2026/7/7,
100000414529,2,2026/7/7,
100000414742,2,2026/7/9,
100000414616,2,2026/7/7,
100000414617,2,2026/7/7,
100000414618,2,2026/7/7,
100000414619,2,2026/7/7,
100000414620,2,2026/7/7,
100000414621,2,2026/7/7,
100000414622,2,2026/7/7,
100000414623,2,2026/7/7,
100000414733,2,2026/7/7,
100000414734,2,2026/7/7,
100000414735,2,2026/7/7,
100000414736,2,2026/7/7,
100000414737,2,2026/7/7,
100000414738,2,2026/7/8,
100000414739,2,2026/7/8,
100000414740,2,2026/7/9,
100000414743,2,2026/7/10,
100000414744,2,2026/7/10,
100000414745,2,2026/7/11,
100000414746,2,2026/7/11,
100000414747,2,2026/7/11,
100000414748,2,2026/7/11,
100000414749,2,2026/7/11,
100000414750,2,2026/7/11,
100000414751,2,2026/7/11,
100000414752,2,2026/7/11,
100000414753,2,2026/7/12,
100000414754,2,2026/7/12,
100000414755,2,2026/7/13,
100000414756,2,2026/7/13,
100000414757,2,2026/7/14,
100000414758,2,2026/7/14,
100000414759,2,2026/7/15,
100000414760,2,2026/7/15,
100000597735,2,2026/7/23,
100000597736,2,2026/8/2,
100000629389,2,2026/8/2,
100000629390,2,2026/7/14,
100000629391,2,2026/7/14,
100000629392,2,2026/7/15,
100000629393,2,2026/7/15,
100000629394,2,2026/7/15,
100000629395,2,2026/7/16,
100000629396,2,2026/7/16,
100000629397,2,2026/7/16,
100000629398,2,2026/7/17,
100000431001,2,2026/7/16,
100000431193,2,2026/7/16,
100000431194,2,2026/7/17,
100000431195,2,2026/7/19,
100000431196,2,2026/7/19,
100000469515,2,2026/7/19,
100000487980,2,2026/7/23,
100000488098,2,2026/7/23,
100000562450,2,2026/7/23,
100000562451,2,2026/7/23,
100000597923,2,2026/8/2,
100000597924,2,2026/8/2,
100000629633,2,2026/8/17,
100000629634,2,2026/8/17,
100000629541,2,2026/7/22,
100000629542,2,2026/7/22,
100000629543,2,2026/7/22,
100000629478,2,2026/7/23,
100000629544,2,2026/7/23,
100000629545,2,2026/7/23,
100000629546,2,2026/8/20,
100000629547,2,2026/8/20,
100000629548,2,2026/8/20,
800000009325,1,2026/6/29,
800000009322,1,2026/7/8,
700000000353,1,2026/7/15,
700000000354,1,2026/7/15,
100000541130,1,2026/7/20,
100000546453,1,2026/7/11,
100000371993,1,2026/7/4,
100000566754,2,2026/7/10,
100000566755,2,2026/7/10,
100000217404,4,2026/7/4,
400000002689,1,2026/7/17,
400000002592,1,2026/7/17,
400000002684,1,2026/7/17,
200000006978,2,2026/8/18,
400000002432,1,2026/7/17,
400000002433,1,2026/7/17,
100000431092,4,2026/7/5,
100000568420,4,2026/7/6,
100000597481,4,2026/7/30,
100000431085,1,2026/7/5,
100000567946,1,2026/7/6,
100000597484,1,2026/7/30,
100000514735,1,2026/7/14,
100000659187,1,2026/8/2,
100000371827,1,2026/7/10,
100000488087,1,2026/7/7,
100000540708,1,2026/7/12,
100000540709,1,2026/7/12,
100000540711,1,2026/7/12,
100000540713,1,2026/7/12,
100000540715,1,2026/7/12,
100000540717,1,2026/7/12,
100000540853,1,2026/7/12,
100000540855,1,2026/7/4,
100000553647,1,2026/7/6,
100000526952,3,2026/7/29,
100000307526,1,2026/7/14,
100000367026,1,2026/7/5,
100000465229,1,2026/8/18,
100000540241,1,2026/7/7,
100000540242,1,2026/7/7,
100000540243,1,2026/7/7,
100000540244,1,2026/7/7,
100000540245,1,2026/7/7,
100000540246,1,2026/7/7,
100000540247,1,2026/7/7,
100000540248,1,2026/7/7,
100000540249,1,2026/7/8,
100000540344,1,2026/7/8,
100000540345,1,2026/7/8,
100000540346,1,2026/7/8,
100000540347,1,2026/7/8,
100000540348,1,2026/7/8,
100000540349,1,2026/7/3,
100000540350,1,2026/7/3,
100000540351,1,2026/7/3,
100000540352,1,2026/7/3,
100000540353,1,2026/7/3,
100000540354,1,2026/7/4,
100000540355,1,2026/7/4,
100000540763,1,2026/7/4,
100000540765,1,2026/7/4,
100000540767,1,2026/7/4,
100000540769,1,2026/7/4,
100000540771,1,2026/7/4,
100000540773,1,2026/7/5,
100000540775,1,2026/7/5,
100000540777,1,2026/7/5,
100000540779,1,2026/7/5,
100000540780,1,2026/7/5,
100000540782,1,2026/7/6,
100000540784,1,2026/7/6,
100000540859,1,2026/7/6,
100000540860,1,2026/7/6,
100000540862,1,2026/7/6,
100000540864,1,2026/7/7,
100000540866,1,2026/7/7,
100000540869,1,2026/7/7,
100000540871,1,2026/7/7,
100000540872,1,2026/7/7,
100000540874,1,2026/7/7,
100000540876,1,2026/7/9,
100000540878,1,2026/7/9,
100000540880,1,2026/7/9,
100000331931,2,2026/7/3,
100000331943,2,2026/7/3,
100000367445,4,2026/7/3,
100000366430,2,2026/7/7,
100000414174,4,2026/7/7,
800000011520,1,2026/7/7,
100000414175,4,2026/7/6,
100000414176,3,2026/7/7,
100000488026,2,2026/7/8,
100000532089,4,2026/7/8,
100000540396,4,2026/7/9,
100000540397,2,2026/7/10,
100000597404,4,2026/7/10,
100000597472,4,2026/7/11,
100000597473,2,2026/7/12,
100000597767,4,2026/7/12,
100000597768,4,2026/7/13,
100000598034,4,2026/7/14,
100000598035,4,2026/7/14,
100000598036,4,2026/7/15,
100000598037,4,2026/7/16,
100000598038,4,2026/7/17,
100000598039,4,2026/7/18,
100000659544,4,2026/7/28,
100000659546,2,2026/7/28,
100000529876,1,2026/7/10,
100000529877,1,2026/8/16,
100000529869,1,2026/8/2,
100000529914,1,2026/8/27,
100000580687,1,2026/7/5,
100000580688,1,2026/7/5,
100000210460,9,2026/7/2,
100000385719,1,2026/6/30,
400000002535,1,2026/6/30,
400000002568,1,2026/7/1,
400000002569,1,2026/7/2,
400000002581,1,2026/7/2,
100000514262,1,2026/7/3,
100000541015,1,2026/7/4,
100000456053,1,2026/7/4,
400000002566,1,2026/7/5,
400000002567,1,2026/7/6,
100000616515,1,2026/7/7,
100000307297,1,2026/6/29,
100000502482,1,2026/6/30,
100000540704,1,2026/7/15,
100000541132,1,2026/7/13,
100000540857,1,2026/7/13,
100000414575,1,2026/7/4,
100000507915,2,2026/7/2,
100000635898,2,2026/7/8,
100000567709,1,2026/7/27,
100000355836,1,2026/6/30,
100000567817,1,2026/7/27,
100000568159,1,2026/7/27,
400000000875,1,2026/7/2,
400000001155,1,2026/7/5,
400000001277,1,2026/7/14,
400000001064,1,2026/7/29,
100000319412,1,2026/7/5,
100000347772,3,2026/7/5,
100000558463,7,2026/7/5,
100000601153,4,2026/7/18,
100000647227,2,2026/7/18,
100000659319,2,2026/8/10,
100000449635,3,2026/7/2,
100000635842,6,2026/7/9,
100000450223,3,2026/6/29,
100000635897,6,2026/7/9,
200000008646,1,2026/7/15,
100000647273,3,2026/8/6,
100000647188,12,2026/8/6,
100000449779,3,2026/6/29,
100000635808,6,2026/8/6,
100000449795,2,2026/6/29,
100000449796,1,2026/6/29,
100000635810,2,2026/7/9,
100000635811,2,2026/7/9,
100000635812,2,2026/7/9,
100000450124,2,2026/6/29,
100000450125,1,2026/6/29,
100000635799,2,2026/8/6,
100000635800,2,2026/8/6,
100000635801,2,2026/8/6,
100000635847,5,2026/7/9,
100000644456,1,2026/7/7,
100000322583,3,2026/7/9,
100000597694,1,2026/7/17,
100000597836,1,2026/7/17,
800000007167,1,2026/7/5,
600000001616,1,2026/7/29,
800000007162,1,2026/7/14,
600000001617,1,2026/7/29,
800000014774,2,2026/7/7,
800000014775,2,2026/7/7,
800000014777,2,2026/7/7,
800000014778,2,2026/7/7,
100000567972,2,2026/7/6,
800000014776,2,2026/7/7,
400000000951,1,2026/7/11,
800000007243,1,2026/7/3,
800000007238,1,2026/7/3,
800000007239,1,2026/7/3,
800000007241,1,2026/7/3,
800000007242,1,2026/7/3,
800000007244,1,2026/7/3,
800000007246,1,2026/7/3,
800000007247,1,2026/7/3,
800000007240,1,2026/7/11,
800000007245,1,2026/7/11,
400000000968,1,2026/7/11,
100000310835,1,2026/7/15,
100000553649,5,2026/8/8,
100000566373,1,2026/8/8,
100000540553,1,2026/7/2,
100000557778,1,2026/7/16,
100000568070,1,2026/7/24,
100000597505,1,2026/8/19,
100000597483,1,2026/8/3,
100000367529,1,2026/7/18,
100000430957,1,2026/6/29,
100000430990,1,2026/6/29,
100000470114,1,2026/7/14,
100000566597,1,2026/7/28,
100000597467,2,2026/7/31,
100000414673,1,2026/7/9,
100000323011,1,2026/8/2,
100000465235,1,2026/8/8,
100000531924,1,2026/7/9,
100000557777,1,2026/7/24,
100000597504,1,2026/7/23,
100000437962,1,2026/6/30,
100000437963,1,2026/6/30,
100000438201,1,2026/6/30,
100000438204,1,2026/6/30,
100000450120,2,2026/7/5,
100000322984,1,2026/7/9,
100000322985,1,2026/7/10,
100000322986,1,2026/7/10,
100000574346,1,2026/7/19,
100000635798,1,2026/8/6,
100000635905,1,2026/8/6,
100000635906,1,2026/8/6,
100000635907,1,2026/8/6,
100000635908,1,2026/8/6,
100000635909,1,2026/8/6,
100000449593,1,2026/7/11,
800000007581,1,2026/6/29,
100000450115,1,2026/7/3,
100000300545,6,2026/7/9,
100000450103,2,2026/6/29,
100000566752,3,2026/7/13,
100000367519,1,2026/7/16,
100000490708,1,2026/7/16,
100000407444,1,2026/7/16,
100000465123,1,2026/7/16,
100000432673,1,2026/7/16,
100000366779,1,2026/7/16,
100000407443,1,2026/7/16,
100000432600,1,2026/7/18,
100000432601,1,2026/7/21,
100000432602,1,2026/7/3,
100000432671,1,2026/7/6,
100000432672,1,2026/7/9,
100000414856,1,2026/7/3,
100000367343,1,2026/7/3,
100000635749,1,2026/8/4,
100000635747,1,2026/8/19,
100000635748,1,2026/8/19,
100000635611,1,2026/8/19,
100000537674,1,2026/8/11,
100000635869,1,2026/8/4,
100000638033,1,2026/8/7,
100000392428,1,2026/7/18,
100000392394,1,2026/6/29,
100000437839,1,2026/7/3,
100000507973,1,2026/8/25,
100000465206,1,2026/7/5,
100000507861,1,2026/7/4,
100000507862,1,2026/7/5,
100000438104,1,2026/6/29,
100000336089,1,2026/7/19,
100000414855,1,2026/7/21,
100000507860,1,2026/7/3,
100000392426,1,2026/7/3,
100000414695,1,2026/7/21,
100000392479,1,2026/7/21,
100000537675,1,2026/7/6,
100000537676,1,2026/8/10,
100000414842,1,2026/8/15,
100000635850,1,2026/8/19,
100000635851,1,2026/8/4,
100000635852,1,2026/8/4,
100000369526,1,2026/8/15,
100000369516,1,2026/8/25,
100000532139,1,2026/8/28,
100000574395,1,2026/8/31,
100000532145,1,2026/8/4,
100000574144,2,2026/8/7,
100000573912,1,2026/8/10,
100000365863,1,2026/6/29,
100000365995,1,2026/7/12,
100000366668,1,2026/7/26,
100000490962,1,2026/7/10,
100000589422,1,2026/8/7,
100000490817,1,2026/7/18,
100000431165,1,2026/6/29,
100000374208,1,2026/7/6,
100000597413,2,2026/7/6,
100000437974,1,2026/7/12,
100000377187,1,2026/7/14,
200000007860,1,2026/7/30,
100000379807,2,2026/7/8,
100000487962,1,2026/6/29,
400000001822,2,2026/7/12,
100000438130,2,2026/7/12,
100000540213,1,2026/7/12,
100000540214,1,2026/7/12,
100000540215,1,2026/7/10,
100000540216,1,2026/7/10,
100000540743,1,2026/7/11,
100000540745,1,2026/7/11,
100000540747,1,2026/7/11,
100000540749,1,2026/7/11,
100000540750,1,2026/7/11,
100000540752,1,2026/7/11,
100000540754,1,2026/7/10,
100000540756,1,2026/7/10,
100000540758,1,2026/7/11,
100000540760,1,2026/7/11,
100000540761,1,2026/7/1,
100000444513,1,2026/7/7,
100000540210,1,2026/7/7,
100000540211,1,2026/7/8,
100000540212,1,2026/7/8,
100000540217,1,2026/7/5,
100000540218,1,2026/7/5,
100000540219,1,2026/7/8,
100000540220,1,2026/7/8,
100000540221,1,2026/7/9,
100000540222,1,2026/7/9,
100000540223,1,2026/7/12,
100000540522,1,2026/7/12,
100000540524,1,2026/7/12,
100000540526,1,2026/7/12,
100000540528,1,2026/7/12,
100000540530,1,2026/7/12,
100000540532,1,2026/7/4,
100000540534,1,2026/7/4,
100000540535,1,2026/7/5,
100000540537,1,2026/7/5,
100000540539,1,2026/7/8,
100000540541,1,2026/7/8,
100000540543,1,2026/7/9,
100000540741,1,2026/7/9,
100000492924,2,2026/7/15,
100000541128,4,2026/7/15,
100000474278,2,2026/7/14,
100000568037,1,2026/7/6,
100000431091,1,2026/7/6,
100000597566,1,2026/7/30,
100000449912,1,2026/7/5,
100000568409,1,2026/7/6,
100000597482,1,2026/7/30,
100000659621,2,2026/8/2,
100000659595,2,2026/8/2,
100000449778,16,2026/7/13,
100000553640,1,2026/7/16,
100000629509,4,2026/7/16,
100000659550,3,2026/7/5,
100000526953,3,2026/7/29,
100000403508,1,2026/8/16,
100000568047,1,2026/7/6,
100000597480,1,2026/8/20,
100000399848,1,2026/6/29,
100000568045,1,2026/7/25,
100000597638,1,2026/7/5,
100000621955,1,2026/8/9,
100000407477,1,2026/7/8,
100000490867,1,2026/8/14,
100000507918,1,2026/8/12,
100000473900,1,2026/7/11,
100000414653,4,2026/7/11,
100000414312,1,2026/7/11,
100000414837,1,2026/7/10,
100000414402,1,2026/7/10,
100000414366,1,2026/7/10,
100000414610,2,2026/7/9,
100000414697,2,2026/6/29,
100000414660,2,2026/7/6,
100000422281,1,2026/7/2,
100000422284,1,2026/7/13,
100000449937,4,2026/7/2,
100000414568,1,2026/7/2,
100000414535,1,2026/7/2,
800000010995,3,2026/7/11,
100000403543,1,2026/7/11,
100000502083,1,2026/7/5,
100000437985,2,2026/7/3,
100000474277,2,2026/7/11,
100000422339,2,2026/7/10,
100000474275,2,2026/7/3,
100000414967,2,2026/7/7,
100000474273,2,2026/7/6,
100000585967,1,2026/7/14,
100000423715,1,2026/7/3,
100000456028,1,2026/7/27,
100000456277,2,2026/7/27,
100000456278,2,2026/7/27,
100000456279,2,2026/7/27,
100000456280,2,2026/7/27,
100000523619,1,2026/7/13,
100000502098,2,2026/7/14,
100000410265,1,2026/7/7,
100000629505,1,2026/7/27,
100000589373,1,2026/7/27,
100000476228,2,2026/7/9,
700000000761,40,2026/7/19,
400000002771,10,2026/7/19,
700000000760,40,2026/7/19,
400000002770,10,2026/7/19,
100000453861,1,2026/8/20,
100000453862,1,2026/8/19,
100000467096,1,2026/8/19,
100000469438,1,2026/8/17,
100000474284,1,2026/9/5,
100000629502,1,2026/8/5,
100000473903,1,2026/7/9,
100000490712,1,2026/7/2,
100000531899,1,2026/7/8,
100000585968,1,2026/7/3,
100000473911,2,2026/7/11,
100000553702,1,2026/7/13,
100000635845,6,2026/8/6,
100000469988,2,2026/7/27,
100000471430,1,2026/7/27,
100000507843,1,2026/7/2,
100000507844,1,2026/7/2,
100000635813,1,2026/7/8,
100000635840,1,2026/7/8,
100000507845,1,2026/7/7,
100000507858,1,2026/7/7,
100000635846,2,2026/7/8,
100000553706,6,2026/7/10,
100000546449,4,2026/7/10,
100000546502,6,2026/7/10,
100000476232,4,2026/7/10,
100000632819,6,2026/7/4,
100000553652,4,2026/7/10,
100000553704,6,2026/7/8,
100000553703,4,2026/7/8,
100000546447,6,2026/7/8,
100000469459,6,2026/7/8,
100000469488,4,2026/7/5,
800000014926,1,2026/7/4,
800000014927,1,2026/7/4,
800000014928,1,2026/7/4,
800000014929,1,2026/7/4,
800000014930,1,2026/7/4,
800000014931,1,2026/7/4,
800000014932,1,2026/7/4,
800000014933,1,2026/7/4,
800000014934,1,2026/7/4,
800000014935,1,2026/7/4,
100000546505,6,2026/7/8,
100000546500,4,2026/7/8,
100000507799,7,2026/7/18,
100000502223,4,2026/7/18,
100000490698,6,2026/7/13,
100000490699,4,2026/7/13,
100000553705,6,2026/7/13,
100000553651,4,2026/7/13,
100000546482,6,2026/7/11,
100000546498,4,2026/7/11,
800000014916,1,2026/7/4,
800000014917,1,2026/7/4,
800000014918,1,2026/7/4,
800000014919,1,2026/7/4,
800000014920,1,2026/7/4,
800000014921,1,2026/7/4,
800000014922,1,2026/7/4,
800000014923,1,2026/7/4,
800000014924,1,2026/7/4,
800000014925,1,2026/7/4,
100000490710,6,2026/7/10,
100000553650,4,2026/7/10,
100000476224,6,2026/7/10,
100000476231,4,2026/7/11,
100000546443,6,2026/7/10,
100000490700,4,2026/7/9,
100000485303,4,2026/7/9,
100000487920,4,2026/7/9,
100000490840,1,2026/7/15,
100000531900,2,2026/7/10,
100000533517,1,2026/7/9,
100000637952,1,2026/7/6,
800000011792,1,2026/7/4,
800000011790,1,2026/7/7,
800000011794,1,2026/7/5,
800000011783,1,2026/7/3,
800000011795,1,2026/7/6,
800000011796,1,2026/7/7,
800000011797,1,2026/7/10,
100000492928,1,2026/7/10,
100000492918,1,2026/7/27,
100000502155,2,2026/7/5,
100000589325,1,2026/7/3,
800000011896,1,2026/8/15,
800000012827,1,2026/7/7,
800000012823,1,2026/7/8,
800000012830,1,2026/7/9,
800000012831,1,2026/7/9,
800000012832,1,2026/7/10,
800000012833,1,2026/7/11,
800000012839,1,2026/7/11,
800000012828,1,2026/7/12,
800000012834,1,2026/7/13,
800000012835,1,2026/7/14,
800000012836,1,2026/7/14,
800000012837,1,2026/7/15,
800000012838,1,2026/7/16,
800000012840,1,2026/7/16,
800000012841,1,2026/7/17,
800000012824,1,2026/7/18,
800000012842,1,2026/7/18,
800000012843,1,2026/7/19,
800000012844,1,2026/7/20,
800000012845,1,2026/7/21,
800000012846,1,2026/7/21,
800000012847,1,2026/7/22,
800000012848,1,2026/7/23,
800000012849,1,2026/7/23,
800000012850,1,2026/7/24,
800000012851,1,2026/7/25,
800000012852,1,2026/7/25,
800000012853,1,2026/7/26,
800000012854,1,2026/7/27,
800000012855,1,2026/7/28,
800000012856,1,2026/7/28,
800000012857,1,2026/7/29,
800000012858,1,2026/7/30,
800000012859,1,2026/7/30,
800000012860,1,2026/7/31,
800000012861,1,2026/8/1,
800000012862,1,2026/8/1,
800000012863,1,2026/8/2,
800000012864,1,2026/8/3,
800000012865,1,2026/8/4,
800000012866,1,2026/8/4,
800000012867,1,2026/8/5,
800000012868,1,2026/8/6,
800000012869,1,2026/8/6,
800000012870,1,2026/8/7,
800000012871,1,2026/8/8,
800000012872,1,2026/8/8,
800000012873,1,2026/8/9,
800000012874,1,2026/8/10,
800000012875,1,2026/8/11,
800000012876,1,2026/8/11,
800000012877,1,2026/8/12,
800000012878,1,2026/8/13,
800000012879,1,2026/8/13,
800000012880,1,2026/8/14,
800000012881,1,2026/8/15,
800000012882,1,2026/8/15,
100000585940,1,2026/7/11,
800000015116,1,2026/8/10,
800000015117,1,2026/8/10,
800000015118,1,2026/8/10,
100000502256,3,2026/6/29,
100000502262,1,2026/7/17,
100000635904,3,2026/7/12,
100000507877,3,2026/7/10,
100000527007,30,2026/7/1,
100000663198,1,2026/7/7,
100000629510,1,2026/7/10,
100000529985,1,2026/7/5,
100000562003,1,2026/7/6,
100000533551,1,2026/6/29,
100000561860,1,2026/7/11,
100000635802,1,2026/7/6,
100000635803,1,2026/8/6,
100000635804,1,2026/8/6,
100000635805,1,2026/8/6,
100000635806,1,2026/8/6,
100000635807,1,2026/8/6,
100000553700,1,2026/7/10,
100000566401,3,2026/7/11,
800000014180,1,2026/7/5,
800000014181,1,2026/7/5,
800000014182,1,2026/7/5,
800000014179,1,2026/7/5,
100000549703,1,2026/8/4,
100000573426,2,2026/7/9,
100000573959,2,2026/7/9,
100000553654,1,2026/7/9,
100000597463,1,2026/7/24,
100000574046,2,2026/6/30,
100000580668,1,2026/7/19,
100000558245,1,2026/7/11,
100000558241,2,2026/7/11,
100000585966,2,2026/7/5,
100000574602,2,2026/7/17,
100000558243,1,2026/7/11,
100000558410,1,2026/7/11,
100000558247,1,2026/7/2,
100000566522,1,2026/7/2,
100000585951,1,2026/7/9,
100000647271,1,2026/7/29,
100000592222,1,2026/7/14,
800000014009,1,2026/7/14,
100000597835,1,2026/7/3,
100000601108,1,2026/7/23,
100000592151,2,2026/7/12,
100000629167,1,2026/7/15,
100000629106,2,2026/7/18,
100000583922,2,2026/6/30,
100000583923,2,2026/6/30,
100000597815,2,2026/7/2,
100000597816,2,2026/7/2,
100000616774,1,2026/7/29,
100000583924,12,2026/6/29,
100000592219,3,2026/7/14,
100000585952,3,2026/7/6,
100000606153,1,2026/7/7,
100000606151,1,2026/7/11,
100000597408,7,2026/7/24,
100000598118,7,2026/7/24,
100000622033,1,2026/7/24,
100000622034,1,2026/7/11,
100000622032,1,2026/7/11,
100000622031,1,2026/7/11,
100000616735,1,2026/7/15,
100000644219,1,2026/7/16,
100000651437,2,2026/7/5,
100000601001,1,2026/7/9,
100000601118,1,2026/7/9,
100000606211,2,2026/7/11,
100000606213,2,2026/7/11,
800000014387,1,2026/7/16,
100000606214,1,2026/8/5,
100000601131,2,2026/7/21,
800000014159,1,2026/7/21,
800000014160,1,2026/7/24,
800000014157,1,2026/7/24,
800000014158,1,2026/7/24,
100000616678,1,2026/7/9,
100000622316,1,2026/7/15,
100000622317,1,2026/7/15,
100000616686,9,2026/7/11,
100000629105,3,2026/7/5,
100000635844,18,2026/7/9,
100000647272,1,2026/7/17,
100000632836,1,2026/8/2,
100000644181,1,2026/8/7,
100000632817,1,2026/7/8,
100000638079,1,2026/7/15,
100000654710,1,2026/7/15,
100000637964,1,2026/8/31,
100000632835,1,2026/7/29,
100000659535,1,2026/8/10,
100000659262,1,2026/7/15,
100000654742,4,2026/7/7,
400000001377,1,2026/7/17,
400000001378,1,2026/7/14,
400000002015,1,2026/7/14,
800000011496,1,2026/7/10,
100000487978,4,2026/7/6,
100000549702,5,2026/7/6,
100000597775,1,2026/7/20,
100000597760,2,2026/7/20,
100000597761,2,2026/7/20,
100000597762,6,2026/7/20,
100000597763,2,2026/7/20,
100000597764,16,2026/7/20,
100000597765,4,2026/7/20,
100000597766,20,2026/7/20,
100000533570,2,2026/7/4,
100000540575,2,2026/7/4,
100000533535,2,2026/7/4,
100000540228,2,2026/7/4,
100000625844,21,2026/7/23,
100000312507,1,2026/7/5,
100000312508,2,2026/7/5,
100000312509,1,2026/7/5,
100000540479,3,2026/7/14,
100000540480,3,2026/7/14,
100000540482,3,2026/7/5,
100000414798,1,2026/7/23,
100000508052,1,2026/8/6,
100000508093,1,2026/8/2,
100000508094,1,2026/8/2,
100000508095,1,2026/8/2,
100000508096,1,2026/8/2,
100000508100,1,2026/8/2,
100000508092,1,2026/8/2,
100000508099,1,2026/8/8,
100000508097,1,2026/8/8,
100000508098,1,2026/8/8,
100000567954,1,2026/8/2,
100000568264,1,2026/8/2,
100000414792,1,2026/7/17,
100000507863,1,2026/7/17,
100000507864,1,2026/7/18,
100000507865,1,2026/7/19,
100000507871,1,2026/8/19,
100000507872,1,2026/8/21,
100000508101,1,2026/8/2,
100000508102,1,2026/8/2,
100000508103,1,2026/8/2,
100000508104,1,2026/8/17,
100000508105,1,2026/8/17,
100000508106,1,2026/8/8,
100000508107,1,2026/8/8,
100000508108,1,2026/8/8,
100000508109,1,2026/8/8,
100000508110,1,2026/8/8,
100000508111,1,2026/8/8,
100000508112,1,2026/8/8,
100000508113,1,2026/8/8,
100000508114,1,2026/8/8,
100000508115,1,2026/8/8,
100000508116,1,2026/8/8,
100000508117,1,2026/8/8,
100000507866,1,2026/7/19,
100000507867,1,2026/7/25,
100000507868,1,2026/7/20,
100000414795,1,2026/7/21,
100000414796,1,2026/7/24,
100000508001,1,2026/8/9,
100000508002,1,2026/8/11,
100000508003,1,2026/8/11,
100000508004,1,2026/8/12,
100000508005,1,2026/8/13,
100000507869,1,2026/7/22,
100000507870,1,2026/7/23,
100000508051,1,2026/8/22,
100000568250,2,2026/8/2,
100000573631,2,2026/7/9,
100000573428,2,2026/7/9,
100000573646,10,2026/7/3,
100000432667,1,2026/8/4,
100000474311,2,2026/8/4,
100000492925,1,2026/8/4,
100000597778,1,2026/7/2,
100000527072,1,2026/7/2,
100000432668,1,2026/8/4,
100000474313,2,2026/8/4,
100000492926,1,2026/8/4,
100000597779,1,2026/7/2,
100000527073,1,2026/7/14,
100000606229,1,2026/7/4,
100000629142,9,2026/7/4,
100000629141,9,2026/7/4,
100000490731,1,2026/7/5,
100000473953,1,2026/7/5,
100000568082,1,2026/7/8,
100000573709,1,2026/7/4,
100000377177,1,2026/7/10,
100000377183,1,2026/7/10,
100000490749,4,2026/7/10,
100000597865,4,2026/7/4,
100000597979,2,2026/7/4,
100000597976,1,2026/7/3,
100000597951,4,2026/7/5,
100000622201,1,2026/7/23,
100000597950,4,2026/7/5,
100000622202,1,2026/7/23,
100000622153,3,2026/7/12,
100000573757,3,2026/7/7,
100000597858,3,2026/7/7,
100000521845,1,2026/6/29,
100000520769,1,2026/7/8,
100000549915,10,2026/7/9,
100000562030,17,2026/6/30,
100000601192,1,2026/6/29,
100000550109,7,2026/7/5,
100000540356,4,2026/7/5,
100000550116,10,2026/7/5,
100000540979,3,2026/7/5,
100000551471,3,2026/7/5,
100000625563,1,2026/8/4,
100000625635,1,2026/8/4,
100000625515,1,2026/8/4,
100000625517,1,2026/8/4,
100000625519,1,2026/8/4,
100000625521,1,2026/8/4,
100000625524,1,2026/8/4,
100000625526,1,2026/8/4,
100000625528,1,2026/8/4,
100000625529,1,2026/8/4,
100000625532,1,2026/8/4,
100000625622,1,2026/8/4,
100000625624,1,2026/8/4,
100000625625,1,2026/8/4,
100000625628,1,2026/8/4,
100000625630,1,2026/8/4,
100000625535,1,2026/8/4,
100000625537,1,2026/8/4,
100000625540,1,2026/8/4,
100000625541,1,2026/8/4,
100000625543,1,2026/8/4,
100000625679,1,2026/8/4,
100000625680,1,2026/8/4,
100000625682,1,2026/8/4,
100000625684,1,2026/8/4,
100000625686,1,2026/8/4,
100000625688,1,2026/8/4,
100000625546,1,2026/8/4,
100000625547,1,2026/8/4,
100000625549,1,2026/8/4,
100000625552,1,2026/8/4,
100000625637,1,2026/8/4,
100000625690,1,2026/8/4,
100000625691,1,2026/8/4,
100000625564,1,2026/8/4,
100000625567,1,2026/8/4,
100000625568,1,2026/8/4,
100000625570,1,2026/8/4,
100000625572,1,2026/8/4,
100000625575,1,2026/8/4,
100000625576,1,2026/8/4,
100000625578,1,2026/8/4,
100000625581,1,2026/8/4,
100000625638,1,2026/8/4,
100000625639,1,2026/8/4,
100000625641,1,2026/8/4,
100000625644,1,2026/8/4,
100000625645,1,2026/8/4,
100000625648,1,2026/8/4,
100000625650,1,2026/8/4,
100000625708,1,2026/7/14,
100000625710,1,2026/7/14,
100000625712,1,2026/7/14,
100000625654,1,2026/7/14,
100000625789,1,2026/7/14,
100000625790,1,2026/7/15,
100000625792,1,2026/7/15,
100000625794,1,2026/7/15,
100000625796,1,2026/7/15,
100000625799,1,2026/7/15,
100000625800,1,2026/7/16,
100000625802,1,2026/7/16,
100000625804,1,2026/7/16,
100000625807,1,2026/7/16,
100000625832,1,2026/7/16,
100000625835,1,2026/7/17,
100000625836,1,2026/7/17,
100000625838,1,2026/7/17,
100000625840,1,2026/7/17,
100000625842,1,2026/7/17,
100000625583,1,2026/7/18,
100000625586,1,2026/7/18,
100000625875,1,2026/7/18,
100000625877,1,2026/7/18,
100000625588,1,2026/7/18,
100000625589,1,2026/7/19,
100000625591,1,2026/7/19,
100000625593,1,2026/7/19,
100000625595,1,2026/7/19,
100000625598,1,2026/7/19,
100000625600,1,2026/7/20,
100000625601,1,2026/7/20,
100000625657,1,2026/7/20,
100000625717,1,2026/7/20,
100000625718,1,2026/7/20,
100000625721,1,2026/7/21,
100000625723,1,2026/7/21,
100000625724,1,2026/7/21,
100000625727,1,2026/7/21,
100000625729,1,2026/7/21,
100000625731,1,2026/7/22,
100000625733,1,2026/7/22,
100000625603,1,2026/7/22,
100000625606,1,2026/7/22,
100000625608,1,2026/7/22,
100000625609,1,2026/7/23,
100000625611,1,2026/7/23,
100000625659,1,2026/7/23,
100000625660,1,2026/7/23,
100000625662,1,2026/7/23,
100000625664,1,2026/7/24,
100000625667,1,2026/7/24,
100000625669,1,2026/7/24,
100000625670,1,2026/7/24,
100000625672,1,2026/7/24,
100000625674,1,2026/7/25,
100000622148,1,2026/7/25,
100000622172,1,2026/7/25,
100000622173,1,2026/7/25,
100000622174,1,2026/7/25,
100000622175,1,2026/7/26,
100000625613,1,2026/7/26,
100000625616,1,2026/7/26,
100000625618,1,2026/7/26,
100000625620,1,2026/7/26,
100000625734,1,2026/7/27,
100000625736,1,2026/7/27,
100000625738,1,2026/7/27,
100000625741,1,2026/7/27,
100000625742,1,2026/7/27,
100000625849,1,2026/7/29,
100000625851,1,2026/7/29,
100000625852,1,2026/7/30,
100000625854,1,2026/7/30,
100000625856,1,2026/7/30,
100000519105,1,2026/6/30,
100000520824,1,2026/7/7,
100000597860,1,2026/7/7,
100000518761,1,2026/7/7,
100000519095,1,2026/6/30,
100000521711,1,2026/7/5,
100000522554,1,2026/7/7,
100000523021,1,2026/6/30,
100000520625,1,2026/6/30,
100000522801,1,2026/6/30,
100000522418,1,2026/6/30,
100000518826,1,2026/6/30,
100000532168,1,2026/6/30,
100000550113,2,2026/6/29,
100000551308,1,2026/6/29,
100000532123,1,2026/7/4,
100000550645,2,2026/6/30,
100000540442,2,2026/7/4,
100000550120,2,2026/7/5,
100000562100,2,2026/7/8,
100000562102,2,2026/7/9,
100000551473,2,2026/7/10,
100000562194,2,2026/7/11,
100000562196,2,2026/7/12,
100000562198,2,2026/7/12,
100000562228,2,2026/7/13,
100000562230,2,2026/7/13,
100000562232,2,2026/7/14,
100000562236,2,2026/7/15,
100000562238,1,2026/7/15,
100000567686,1,2026/6/30,
100000574248,2,2026/6/30,
100000574250,1,2026/6/29,
100000597859,2,2026/7/7,
100000601146,1,2026/6/29,
100000622186,2,2026/7/12,
100000328388,1,2026/7/10,
100000522570,1,2026/7/5,
100000521878,1,2026/7/5,
100000519308,1,2026/7/5,
100000522499,1,2026/7/5,
100000551304,2,2026/7/5,
100000541111,2,2026/7/5,
100000541113,1,2026/7/5,
100000551475,1,2026/7/5,
100000567653,2,2026/7/1,
100000567655,2,2026/7/5,
100000597757,2,2026/7/20,
100000622187,1,2026/7/20,
100000625562,1,2026/8/4,
100000625636,1,2026/8/4,
100000625508,1,2026/8/4,
100000625510,1,2026/8/4,
100000625511,1,2026/8/4,
100000625512,1,2026/8/4,
100000625513,1,2026/8/4,
100000625514,1,2026/8/4,
100000625516,1,2026/8/4,
100000625518,1,2026/8/4,
100000625520,1,2026/8/4,
100000625522,1,2026/8/4,
100000625523,1,2026/8/4,
100000625525,1,2026/8/4,
100000625527,1,2026/8/4,
100000625530,1,2026/8/4,
100000625531,1,2026/8/4,
100000625621,1,2026/8/4,
100000625623,1,2026/8/4,
100000625626,1,2026/8/4,
100000625627,1,2026/8/4,
100000625629,1,2026/8/4,
100000625536,1,2026/8/4,
100000625538,1,2026/8/4,
100000625539,1,2026/8/4,
100000625542,1,2026/8/4,
100000625544,1,2026/8/4,
100000625678,1,2026/8/4,
100000625681,1,2026/8/4,
100000625683,1,2026/8/4,
100000625685,1,2026/8/4,
100000625687,1,2026/8/4,
100000625689,1,2026/8/4,
100000625545,1,2026/8/4,
100000625548,1,2026/8/4,
100000625550,1,2026/8/4,
100000625551,1,2026/8/4,
100000625553,1,2026/8/4,
100000625692,1,2026/8/4,
100000625693,1,2026/8/4,
100000625565,1,2026/8/4,
100000625566,1,2026/8/4,
100000625569,1,2026/8/4,
100000625571,1,2026/8/4,
100000625573,1,2026/8/4,
100000625574,1,2026/8/4,
100000625577,1,2026/8/4,
100000625579,1,2026/8/4,
100000625580,1,2026/8/4,
100000625640,1,2026/8/4,
100000625642,1,2026/8/4,
100000625643,1,2026/8/4,
100000625646,1,2026/8/4,
100000625647,1,2026/8/4,
100000625649,1,2026/8/4,
100000625709,1,2026/8/4,
100000625711,1,2026/8/4,
100000625713,1,2026/8/4,
100000625714,1,2026/8/4,
100000625653,1,2026/8/4,
100000625655,1,2026/8/4,
100000625791,1,2026/8/4,
100000625793,1,2026/8/4,
100000625795,1,2026/8/4,
100000625797,1,2026/8/4,
100000625798,1,2026/8/4,
100000625801,1,2026/8/4,
100000625803,1,2026/7/17,
100000625805,1,2026/7/17,
100000625806,1,2026/7/17,
100000625833,1,2026/7/18,
100000625834,1,2026/7/18,
100000625837,1,2026/7/18,
100000625839,1,2026/7/18,
100000625841,1,2026/7/18,
100000625843,1,2026/7/19,
100000625584,1,2026/7/19,
100000625585,1,2026/7/19,
100000625874,1,2026/7/19,
100000625876,1,2026/7/19,
100000625587,1,2026/7/20,
100000625590,1,2026/7/20,
100000625592,1,2026/7/20,
100000625594,1,2026/7/20,
100000625596,1,2026/7/20,
100000625597,1,2026/7/21,
100000625599,1,2026/7/21,
100000625656,1,2026/7/21,
100000625715,1,2026/7/21,
100000625716,1,2026/7/21,
100000625719,1,2026/7/22,
100000625720,1,2026/7/22,
100000625722,1,2026/7/22,
100000625725,1,2026/7/22,
100000625726,1,2026/7/22,
100000625728,1,2026/7/23,
100000625730,1,2026/7/23,
100000625732,1,2026/7/23,
100000625602,1,2026/7/23,
100000625604,1,2026/7/23,
100000625605,1,2026/7/24,
100000625607,1,2026/7/24,
100000625610,1,2026/7/24,
100000625612,1,2026/7/24,
100000625658,1,2026/7/24,
100000625661,1,2026/7/25,
100000625663,1,2026/7/25,
100000625665,1,2026/7/25,
100000625666,1,2026/7/25,
100000625668,1,2026/7/25,
100000625671,1,2026/7/26,
100000625673,1,2026/7/26,
100000625614,1,2026/7/26,
100000625615,1,2026/7/26,
100000625617,1,2026/7/26,
100000625619,1,2026/7/27,
100000625735,1,2026/7/27,
100000625848,1,2026/7/29,
100000625850,1,2026/7/30,
100000625853,1,2026/7/30,
100000625855,1,2026/7/30,
100000625857,1,2026/7/30,
100000597287,2,2026/6/29,
100000622157,9,2026/7/12,
100000550112,1,2026/6/30,
100000549921,7,2026/6/30,
100000598010,3,2026/6/29,
100000597854,9,2026/6/29,
100000597759,10,2026/6/29,
100000550107,7,2026/7/3,
100000549910,10,2026/6/30,
100000540290,10,2026/6/30,
100000550114,10,2026/7/1,
100000551319,3,2026/6/30,
100000562117,10,2026/8/13,
100000562118,7,2026/8/25,
100000562011,6,2026/7/16,
100000456276,1,2026/7/3,
100000526881,1,2026/7/3,
100000580667,2,2026/7/10,
200000004352,9,2026/7/1,
100000456182,10,2026/7/5,
100000455885,8,2026/7/23,
100000456218,5,2026/7/5,
100000490936,2,2026/7/23,
100000507959,1,2026/7/23,
100000507961,9,2026/7/23,
100000514366,3,2026/7/23,
100000561851,1,2026/7/23,
100000573596,3,2026/7/23,
100000455871,14,2026/7/5,
100000455915,8,2026/7/5,
100000490779,3,2026/7/23,
100000456110,15,2026/7/23,
100000455926,6,2026/7/5,
100000456238,15,2026/7/5,
100000455940,8,2026/7/5,
100000490795,4,2026/7/23,
100000508067,4,2026/7/5,
100000514410,4,2026/7/5,
100000561949,4,2026/7/5,
100000568500,1,2026/7/5,
100000573381,4,2026/7/5,
100000490725,2,2026/7/5,
100000507896,2,2026/7/5,
100000515088,2,2026/7/5,
100000553695,1,2026/7/5,
100000562256,2,2026/7/5,
100000568542,2,2026/7/5,
100000573391,2,2026/7/5,
100000455959,4,2026/7/5,
100000629035,1,2026/7/7,
100000629040,2,2026/7/7,
100000514855,2,2026/7/12,
100000561849,1,2026/7/11,
100000573602,3,2026/7/5,
100000568481,1,2026/7/11,
100000573384,4,2026/7/11,
100000568520,2,2026/7/11,
100000573394,2,2026/7/5,
200000004248,9,2026/7/6,
100000573600,3,2026/7/5,
100000573383,4,2026/7/11,
100000573606,3,2026/7/5,
100000629039,2,2026/7/4,
100000573386,2,2026/7/5,
200000004266,9,2026/7/6,
200000003907,1,2026/8/5,
100000629037,2,2026/7/4,
400000001239,1,2026/7/11,
400000001235,1,2026/7/11,
400000001237,1,2026/7/11,
400000001209,1,2026/7/15,
400000001210,1,2026/7/15,
400000001211,1,2026/7/15,
400000001212,1,2026/7/15,
400000001175,1,2026/6/29,
400000001181,1,2026/6/29,
400000001205,1,2026/6/29,
400000001206,1,2026/6/29,
400000001384,1,2026/6/29,
400000001385,1,2026/6/29,
400000001386,1,2026/6/29,
400000001176,1,2026/7/8,
400000001194,1,2026/7/8,
400000001583,1,2026/7/8,
400000001207,1,2026/7/8,
400000001584,1,2026/7/8,
400000001208,1,2026/7/8,
400000001585,1,2026/7/8,
100000597984,2,2026/7/15,
100000597983,2,2026/7/15,
100000597986,2,2026/7/7,
100000598021,2,2026/7/7,
800000009503,1,2026/8/18,
400000002020,1,2026/7/12,
400000002021,1,2026/7/12,
400000002022,1,2026/7/12,
400000002014,2,2026/7/12,
800000009505,1,2026/7/4,
400000002235,2,2026/7/7,
800000010452,1,2026/8/8,
200000008114,1,2026/7/19,
700000000649,3,2026/7/3,
700000000648,3,2026/7/3,
100000557654,6,2026/7/12,
100000557649,6,2026/7/10,
100000557646,6,2026/7/12,
100000557652,6,2026/7/12,
100000557656,4,2026/7/12,
100000566153,4,2026/7/10,
100000566155,4,2026/7/12,
100000566157,4,2026/7/12,
100000532031,252,2026/7/3,
100000550106,196,2026/7/17,
100000532127,28,2026/7/5,
100000540359,112,2026/7/5,
100000549907,280,2026/7/5,
100000540291,280,2026/7/5,
100000550916,280,2026/7/27,
100000562013,168,2026/7/1,
100000540987,84,2026/7/5,
100000551317,84,2026/7/1,
100000562028,476,2026/7/18,
100000585931,28,2026/7/20,
100000574350,10,2026/7/5,
100000574352,10,2026/7/5,
100000574354,10,2026/7/5,
100000574356,10,2026/7/5,
100000574358,10,2026/7/5,
100000574360,10,2026/7/5,
100000574362,10,2026/7/5,
100000574364,10,2026/7/5,
100000574366,10,2026/7/5,
100000573962,10,2026/7/5,
100000574378,10,2026/7/5,
100000574379,10,2026/7/5,
100000574381,10,2026/7/5,
100000574383,10,2026/7/5,
100000574385,10,2026/7/5,
100000574387,10,2026/7/5,
100000574389,10,2026/7/5,
100000574391,10,2026/7/5,
100000574393,10,2026/7/5,
100000573412,10,2026/7/12,
100000573413,10,2026/7/12,
100000573414,10,2026/7/12,
100000573415,10,2026/7/12,
100000573416,10,2026/7/12,
100000573417,10,2026/7/12,
100000573418,10,2026/7/12,
100000573419,10,2026/7/12,
100000573420,10,2026/7/12,
100000573421,10,2026/7/12,
100000573422,10,2026/7/12,
100000573423,10,2026/7/12,
100000573424,10,2026/7/12,
100000573425,10,2026/7/12,
100000573664,10,2026/7/5,
100000573666,10,2026/7/5,
100000573668,10,2026/7/5,
100000573431,10,2026/7/12,
100000573432,10,2026/7/12,
100000573433,10,2026/7/12,
100000573434,10,2026/7/12,
100000573670,10,2026/7/5,
100000574208,10,2026/7/5,
100000574210,10,2026/7/5,
100000574212,10,2026/7/5,
100000574214,10,2026/7/5,
100000574216,10,2026/7/5,
100000574218,10,2026/7/5,
100000574220,10,2026/7/5,
100000574222,10,2026/7/5,
100000573672,10,2026/7/5,
100000573674,10,2026/7/5,
100000573676,10,2026/7/5,
100000573678,10,2026/7/5,
100000573680,10,2026/7/5,
100000573682,10,2026/7/5,
100000573684,10,2026/7/5,
100000573686,10,2026/7/5,
100000573688,10,2026/7/5,
100000573690,10,2026/7/5,
100000573692,10,2026/7/5,
100000573694,10,2026/7/5,
100000573696,10,2026/7/5,
100000573698,10,2026/7/5,
100000573454,10,2026/7/12,
100000573455,10,2026/7/12,
100000573457,10,2026/7/12,
100000573459,10,2026/7/12,
100000573461,10,2026/7/12,
100000573463,10,2026/7/12,
100000573465,10,2026/7/12,
100000573467,10,2026/7/12,
100000573469,10,2026/7/12,
100000573471,10,2026/7/4,
100000573473,10,2026/7/4,
100000573475,10,2026/7/4,
100000573477,10,2026/7/4,
100000573700,10,2026/7/5,
100000573702,10,2026/7/5,
100000573704,10,2026/7/5,
100000573706,10,2026/7/5,
100000585932,10,2026/7/12,
100000585935,10,2026/7/12,
100000585936,10,2026/7/12,
100000585938,10,2026/7/12,
100000585972,10,2026/7/12,
100000585973,10,2026/7/12,
100000585976,10,2026/7/12,
100000585977,10,2026/7/12,
100000585979,10,2026/7/12,
100000598012,10,2026/7/12,
100000566456,2,2026/7/5,
100000566736,2,2026/7/12,
100000558199,2,2026/7/5,
100000558379,2,2026/7/5,
100000558201,2,2026/7/15,
100000558382,2,2026/7/15,
100000592170,3,2026/7/11,
100000592171,3,2026/7/13,
100000629239,0.04,2026/7/8,
100000632820,1,2026/7/11,
100000632821,1,2026/7/11,
100000632838,1,2026/7/15,
800000015186,1,2026/7/8,
800000015187,1,2026/7/9,
800000015188,1,2026/7/10,
800000015189,1,2026/7/11,
800000015190,1,2026/7/12,
800000015191,1,2026/7/7,
100000647313,2,2026/7/9,
100000632834,5,2026/7/10,
100000632833,5,2026/7/10,
100000632832,5,2026/7/10,
100000632831,5,2026/7/9,
100000644261,1,2026/7/9,
100000638015,3,2026/7/9,
100000638018,3,2026/7/9,
100000638021,3,2026/7/9,
100000638024,3,2026/7/9,
100000638040,3,2026/7/9,
100000644471,3,2026/7/9,
100000647302,2,2026/7/9,
100000644474,3,2026/7/9,
100000647303,2,2026/7/9,
100000638043,3,2026/7/9,
100000638046,3,2026/7/9,
100000637942,3,2026/7/9,
100000654724,2,2026/7/14,
100000654698,3,2026/7/14,
100000654722,2,2026/7/14,
100000654696,3,2026/7/14,
100000659264,2,2026/7/15,
100000659321,3,2026/7/15,
100000659266,2,2026/7/15,
100000659323,3,2026/7/15,
100000659268,2,2026/7/15,
100000659325,3,2026/7/15,
100000598029,2,2026/7/15,
100000597878,4,2026/7/15,
100000592239,1,2026/7/11,
100000592240,1,2026/7/11,
100000592172,1,2026/7/2,
100000592215,1,2026/7/11,
100000592182,1,2026/7/2,
100000592183,1,2026/7/2,
100000592184,1,2026/7/2,
100000592130,1,2026/7/2,
100000592131,1,2026/7/2,
100000592132,1,2026/7/2,
100000592133,1,2026/7/2,
100000592134,1,2026/7/2,
100000592135,1,2026/7/2,
100000592136,1,2026/7/2,
100000592137,1,2026/7/2,
100000592189,1,2026/6/29,
100000592190,1,2026/6/30,
100000592191,1,2026/6/30,
100000592192,1,2026/6/30,
100000592193,1,2026/6/30,
100000592194,1,2026/6/30,
100000592195,1,2026/7/11,
100000592196,1,2026/7/11,
100000592197,1,2026/7/11,
100000592198,1,2026/7/11,
100000592152,1,2026/7/2,
100000592199,1,2026/7/11,
100000592153,1,2026/7/2,
100000592154,1,2026/7/2,
100000592155,1,2026/7/2,
100000592156,1,2026/7/2,
100000592157,1,2026/7/2,
100000592185,1,2026/7/2,
100000592186,1,2026/7/2,
100000592187,1,2026/7/2,
100000592188,1,2026/6/29,
100000592106,1,2026/7/2,
100000592109,1,2026/7/2,
100000592110,1,2026/7/2,
100000592111,1,2026/7/2,
100000592112,1,2026/7/2,
100000592113,1,2026/7/2,
100000592114,1,2026/7/2,
100000592115,1,2026/7/2,
100000592116,1,2026/7/2,
100000592117,1,2026/7/2,
100000592118,1,2026/7/2,
100000592138,1,2026/7/2,
100000592139,1,2026/7/2,
100000592108,1,2026/7/2,
100000597749,3,2026/7/11,
100000566233,2,2026/7/8,
100000566235,2,2026/7/8,
100000566548,1,2026/8/4,
100000566550,1,2026/8/4,
100000566508,1,2026/8/4,
100000566510,1,2026/8/4,
100000566512,1,2026/8/4,
100000566513,1,2026/8/4,
100000566698,1,2026/8/4,
100000566699,1,2026/8/4,
100000567726,2,2026/8/4,
100000550094,20,2026/7/1,
100000352133,1,2026/7/8,
800000012764,10,2026/7/3,
800000012771,10,2026/7/7,
100000546456,10,2026/7/7,
100000546458,10,2026/7/7,
800000012772,10,2026/7/7,
800000012765,10,2026/7/7,
800000012766,10,2026/7/7,
800000012767,10,2026/7/7,
800000012768,10,2026/7/7,
800000012769,10,2026/7/7,
100000562403,10,2026/7/5,
100000562440,10,2026/7/7,
800000013549,10,2026/6/29,
800000013550,10,2026/7/3,
800000013552,10,2026/7/5,
800000013551,10,2026/7/4,
100000566576,1,2026/7/13,
100000566427,1,2026/7/13,
100000566445,1,2026/7/13,
100000566592,1,2026/7/13,
100000566498,2,2026/7/13,
100000566647,1,2026/7/13,
100000566622,1,2026/7/13,
100000566313,1,2026/7/13,
100000566679,1,2026/7/13,
100000566689,1,2026/7/13,
100000566570,1,2026/7/13,
100000566421,1,2026/7/13,
100000566440,1,2026/7/13,
100000566587,1,2026/7/13,
100000566492,2,2026/7/13,
100000566642,1,2026/7/13,
100000566616,1,2026/7/13,
100000566307,1,2026/7/13,
100000566676,1,2026/7/13,
100000566686,1,2026/7/13,
100000566568,1,2026/8/6,
100000566465,1,2026/8/4,
100000566483,1,2026/7/25,
100000566438,1,2026/8/4,
100000566585,1,2026/8/7,
100000566491,2,2026/7/25,
100000566248,1,2026/7/10,
100000566305,1,2026/8/4,
100000566345,1,2026/8/4,
100000566566,1,2026/7/10,
100000566482,1,2026/7/10,
100000566436,1,2026/7/10,
100000566489,2,2026/7/10,
100000566638,1,2026/7/10,
100000566613,1,2026/7/10,
100000566304,1,2026/7/10,
100000566684,1,2026/7/14,
100000566565,3,2026/8/26,
100000566208,3,2026/7/5,
100000566480,3,2026/7/31,
100000566434,3,2026/7/25,
100000566487,6,2026/8/31,
100000566245,3,2026/7/25,
100000566302,3,2026/7/25,
100000566577,1,2026/7/10,
100000566429,1,2026/7/10,
100000566210,1,2026/7/10,
100000566499,2,2026/7/10,
100000566648,1,2026/7/10,
100000566296,1,2026/7/10,
100000566574,1,2026/8/31,
100000566470,1,2026/8/4,
100000566425,1,2026/7/4,
100000566443,1,2026/8/4,
100000566590,1,2026/8/26,
100000566496,2,2026/8/4,
100000566645,1,2026/8/19,
100000566604,1,2026/8/26,
100000566619,1,2026/8/19,
100000566311,1,2026/7/4,
100000566668,1,2026/8/19,
100000566678,1,2026/8/19,
100000566688,1,2026/8/19,
100000566351,1,2026/7/4,
100000589445,2,2026/8/19,
800000011958,2,2026/7/9,
800000011969,2,2026/7/9,
800000011971,2,2026/7/9,
800000011972,2,2026/7/9,
800000011973,2,2026/7/9,
800000011977,2,2026/7/10,
800000011980,2,2026/7/6,
800000011959,2,2026/7/7,
800000011974,2,2026/7/10,
800000011975,2,2026/7/10,
100000465239,1,2026/7/6,
100000622551,10,2026/7/12,
100000622428,3,2026/7/14,
100000625782,3,2026/7/14,
100000622429,10,2026/7/14,
100000625783,28,2026/7/14,
100000622430,12,2026/7/14,
100000622431,2,2026/7/14,
100000566629,1,2026/7/5,
100000566161,1,2026/7/11,
100000566163,2,2026/8/4,
100000566170,1,2026/8/4,
100000566179,1,2026/8/4,
100000566282,3,2026/8/4,
100000566295,2,2026/7/24,
100000566410,1,2026/6/30,
100000566185,1,2026/8/4,
100000566189,1,2026/8/4,
100000566503,1,2026/6/30,
100000566506,1,2026/7/5,
100000566733,2,2026/7/5,
100000566739,1,2026/7/1,
100000566337,3,2026/7/18,
100000566521,1,2026/7/5,
100000574071,1,2026/7/1,
100000573801,1,2026/7/1,
100000529872,1,2026/8/2,
100000573569,2,2026/7/10,
100000567738,14,2026/8/4,
100000574234,1,2026/8/4,
100000573814,4,2026/8/4,
100000597861,4,2026/8/4,
100000573838,3,2026/8/4,
100000597884,7,2026/8/4,
100000622203,5,2026/8/4,
100000622241,21,2026/8/4,
100000550078,2,2026/7/5,
100000550079,2,2026/7/3,
100000550080,2,2026/7/4,
100000550081,2,2026/7/4,
100000550082,2,2026/7/4,
100000550083,2,2026/7/4,
100000550084,2,2026/7/4,
100000550085,2,2026/7/4,
100000551239,2,2026/7/4,
100000551241,2,2026/7/4,
100000551243,2,2026/7/4,
100000551245,2,2026/7/4,
100000289297,1,2026/7/13,
100000550901,2,2026/7/4,
100000549905,1,2026/7/13,
100000371851,2,2026/7/13,
100000371852,2,2026/7/13,
100000371853,2,2026/7/13,
100000414562,1,2026/7/13,
100000550660,2,2026/7/4,
100000550909,1,2026/7/4,
100000568065,2,2026/7/4,
100000568066,2,2026/7/4,
100000568068,2,2026/7/4,
100000568156,2,2026/7/4,
100000574086,2,2026/7/4,
100000574089,2,2026/7/4,
100000597970,2,2026/7/7,
100000597971,2,2026/7/11,
100000574092,2,2026/7/4,
100000597434,2,2026/7/7,
100000597435,2,2026/7/7,
100000597436,2,2026/7/7,
100000597442,1,2026/7/7,
100000622214,2,2026/7/8,
100000622215,2,2026/7/8,
100000622275,2,2026/7/8,
100000622276,2,2026/7/8,
100000622277,2,2026/7/9,
100000622278,2,2026/7/9,
100000622524,2,2026/7/9,
100000622525,2,2026/7/9,
100000622526,1,2026/7/9,
100000622290,2,2026/7/10,
100000622291,2,2026/7/10,
100000622292,2,2026/7/10,
100000622293,2,2026/7/10,
100000622294,2,2026/7/11,
100000622295,2,2026/7/11,
100000622296,2,2026/7/11,
100000622542,2,2026/7/11,
100000622543,2,2026/7/12,
100000622544,2,2026/7/12,
100000622545,2,2026/7/12,
100000635663,1,2026/8/11,
100000647257,2,2026/8/12,
100000647258,1,2026/8/12,
100000551446,1,2026/7/2,
100000551448,1,2026/7/2,
100000551450,1,2026/7/2,
100000551452,1,2026/7/2,
100000551454,1,2026/7/4,
100000551455,1,2026/7/4,
100000551457,1,2026/7/4,
100000551459,1,2026/7/5,
100000551461,1,2026/7/4,
100000551652,1,2026/7/4,
100000410217,1,2026/7/6,
100000410219,1,2026/7/6,
100000410221,1,2026/7/6,
100000410223,1,2026/7/7,
100000549902,1,2026/7/7,
100000549903,1,2026/7/7,
100000414433,1,2026/7/8,
100000414701,1,2026/7/8,
100000551656,1,2026/7/4,
100000551658,1,2026/7/4,
100000567659,1,2026/7/4,
100000567661,1,2026/7/4,
100000567663,1,2026/7/4,
100000567665,1,2026/7/4,
100000567667,1,2026/7/4,
100000567668,1,2026/7/4,
100000567669,1,2026/7/4,
100000567671,1,2026/7/4,
100000567673,1,2026/7/4,
100000567674,1,2026/7/4,
100000567676,1,2026/7/4,
100000567678,1,2026/7/4,
100000567679,1,2026/7/4,
100000567680,1,2026/7/4,
100000567741,1,2026/7/4,
100000567742,1,2026/7/4,
100000567743,1,2026/7/4,
100000567744,1,2026/7/4,
100000567745,1,2026/7/4,
100000567746,1,2026/7/4,
100000574236,1,2026/7/4,
100000573827,1,2026/7/4,
100000573830,1,2026/7/4,
100000573832,1,2026/7/4,
100000573835,1,2026/7/4,
100000597966,1,2026/7/15,
100000597967,1,2026/7/16,
100000597968,1,2026/7/16,
100000597969,1,2026/7/16,
100000573849,1,2026/7/4,
100000573851,1,2026/7/4,
100000574276,1,2026/7/4,
100000597744,1,2026/7/11,
100000597745,1,2026/7/11,
100000597746,1,2026/7/11,
100000597747,1,2026/7/11,
100000597748,1,2026/7/19,
100000597885,1,2026/7/19,
100000597886,1,2026/7/20,
100000622209,1,2026/7/20,
100000622336,1,2026/7/20,
100000622337,1,2026/7/20,
100000622338,1,2026/7/21,
100000622339,1,2026/7/21,
100000622245,1,2026/7/21,
100000622246,1,2026/7/21,
100000622247,1,2026/7/22,
100000622248,1,2026/7/22,
100000622249,1,2026/7/22,
100000622250,1,2026/7/22,
100000622251,1,2026/7/23,
100000622252,1,2026/7/23,
100000622253,1,2026/7/23,
100000622381,1,2026/7/23,
100000622382,1,2026/7/24,
100000622383,1,2026/7/24,
100000622495,1,2026/7/24,
100000622496,1,2026/7/24,
100000622498,1,2026/7/25,
100000622500,1,2026/7/25,
100000622501,1,2026/7/25,
100000622502,1,2026/7/25,
100000622503,1,2026/7/26,
100000622504,1,2026/7/26,
100000622505,1,2026/7/26,
100000622262,1,2026/7/26,
100000622390,1,2026/7/27,
100000622391,1,2026/7/27,
100000622392,1,2026/7/27,
100000622506,1,2026/7/27,
100000622507,1,2026/7/28,
100000622508,1,2026/7/28,
100000622509,1,2026/7/28,
100000622510,1,2026/7/28,
100000622511,1,2026/7/29,
100000622512,1,2026/7/29,
100000622513,1,2026/7/29,
100000622514,1,2026/7/29,
100000550622,4,2026/8/4,
100000550584,2,2026/7/9,
100000550586,2,2026/7/9,
100000550588,2,2026/7/2,
100000550590,2,2026/7/2,
100000550592,2,2026/7/2,
100000550594,2,2026/7/2,
100000550595,2,2026/7/9,
100000551551,2,2026/7/9,
100000546475,1,2026/7/9,
100000550899,1,2026/7/9,
100000522443,1,2026/8/4,
100000551279,2,2026/8/4,
100000551281,2,2026/8/4,
100000546471,2,2026/7/4,
100000546473,1,2026/7/5,
100000550097,2,2026/7/5,
100000550098,2,2026/7/5,
100000550103,2,2026/7/20,
100000550104,1,2026/7/20,
100000469500,2,2026/6/30,
100000550580,18,2026/7/15,
100000550895,1,2026/8/13,
100000546419,4,2026/7/6,
100000551275,4,2026/8/14,
100000550095,4,2026/7/6,
100000550101,3,2026/7/6,
100000550558,1,2026/7/7,
100000550560,1,2026/7/7,
100000550562,1,2026/7/7,
100000550564,1,2026/7/7,
100000550566,1,2026/7/8,
100000550568,1,2026/7/8,
100000550570,1,2026/7/8,
100000550571,1,2026/7/4,
100000550573,1,2026/7/4,
100000550575,1,2026/7/4,
100000550875,1,2026/7/5,
100000550877,1,2026/7/5,
100000550879,1,2026/7/5,
100000550881,1,2026/7/8,
100000550883,1,2026/7/8,
100000550885,1,2026/7/8,
100000550887,1,2026/7/9,
100000550889,1,2026/7/9,
100000551247,1,2026/7/9,
100000551248,1,2026/7/8,
100000551250,1,2026/7/8,
100000551252,1,2026/7/8,
100000551254,1,2026/7/8,
100000551256,1,2026/7/8,
100000518023,1,2026/7/8,
100000519341,1,2026/7/1,
100000522832,1,2026/7/1,
100000549897,1,2026/7/1,
100000549898,1,2026/7/2,
100000519276,1,2026/7/2,
100000521762,1,2026/7/2,
100000549906,1,2026/7/4,
100000521684,1,2026/7/4,
100000532271,1,2026/7/4,
100000550902,1,2026/7/5,
100000550905,1,2026/7/5,
100000550911,1,2026/7/5,
100000583932,1,2026/7/6,
100000583933,1,2026/7/6,
100000583934,1,2026/7/6,
100000583935,1,2026/7/7,
100000583937,1,2026/7/7,
100000583938,1,2026/7/7,
100000583940,1,2026/7/8,
100000583943,1,2026/7/8,
100000601135,1,2026/7/14,
100000601137,1,2026/7/14,
100000601139,1,2026/7/14,
100000601141,1,2026/7/15,
100000601143,1,2026/7/15,
100000583954,1,2026/7/4,
100000583955,1,2026/7/4,
100000583956,1,2026/7/5,
100000583957,1,2026/7/5,
100000597837,1,2026/7/16,
100000597838,1,2026/7/16,
100000597839,1,2026/7/17,
100000597840,1,2026/7/17,
100000601193,1,2026/7/17,
100000601194,1,2026/7/17,
100000601195,1,2026/7/18,
100000601196,1,2026/7/18,
100000583958,1,2026/7/8,
100000583959,1,2026/7/11,
100000601197,1,2026/7/19,
100000601198,1,2026/7/19,
100000597443,1,2026/7/11,
100000597444,1,2026/7/11,
100000597445,1,2026/7/20,
100000597446,1,2026/7/20,
100000597447,1,2026/7/20,
100000597448,1,2026/7/20,
100000597449,1,2026/7/21,
100000601177,1,2026/7/21,
100000601178,1,2026/7/21,
100000601179,1,2026/7/21,
100000601180,1,2026/7/22,
100000601181,1,2026/7/22,
100000601182,1,2026/7/22,
100000601183,1,2026/7/22,
100000622210,1,2026/7/23,
100000622211,1,2026/7/23,
100000622212,1,2026/7/23,
100000622213,1,2026/7/23,
100000622270,1,2026/7/24,
100000622271,1,2026/7/24,
100000622272,1,2026/7/24,
100000622273,1,2026/7/24,
100000622274,1,2026/7/25,
100000622400,1,2026/7/25,
100000622401,1,2026/7/25,
100000622402,1,2026/7/25,
100000622403,1,2026/7/26,
100000622404,1,2026/7/26,
100000622405,1,2026/7/26,
100000622406,1,2026/7/26,
100000622407,1,2026/7/27,
100000622286,1,2026/7/27,
100000622287,1,2026/7/27,
100000622288,1,2026/7/27,
100000622289,1,2026/7/28,
100000622417,1,2026/7/28,
100000622418,1,2026/8/24,
100000622419,1,2026/8/24,
100000622420,1,2026/8/25,
100000622421,1,2026/8/25,
100000566654,8,2026/7/11,
100000553727,4,2026/7/2,
100000566720,8,2026/7/28,
100000568565,8,2026/8/12,
100000568590,4,2026/8/19,
100000567978,8,2026/8/19,
100000573893,22,2026/8/19,
100000580665,6,2026/8/1,
100000574318,10,2026/8/1,
100000589436,2,2026/8/1,
100000566652,4,2026/7/11,
100000566719,4,2026/6/30,
100000568560,4,2026/8/19,
100000568585,2,2026/8/19,
100000567794,4,2026/8/19,
100000573896,11,2026/8/19,
100000580664,3,2026/8/1,
100000574320,5,2026/8/1,
100000589437,1,2026/8/1,
100000566650,16,2026/8/1,
100000566718,16,2026/8/1,
100000568556,16,2026/8/1,
100000568580,8,2026/8/1,
100000567749,16,2026/8/1,
100000573898,44,2026/8/1,
100000580663,12,2026/8/1,
100000574322,20,2026/8/1,
100000566321,8,2026/7/11,
100000566517,8,2026/6/30,
100000568552,8,2026/8/19,
100000568578,4,2026/8/19,
100000567748,8,2026/8/19,
100000573901,22,2026/8/19,
100000580662,6,2026/8/1,
100000574324,10,2026/8/1,
100000589438,2,2026/8/1,
100000566319,8,2026/7/11,
100000566515,8,2026/6/30,
100000568546,8,2026/8/19,
100000568574,4,2026/8/19,
100000567747,8,2026/8/19,
100000573904,22,2026/8/19,
100000580661,6,2026/8/1,
100000574326,10,2026/8/1,
100000589434,2,2026/8/1,
100000573395,2,2026/7/12,
100000598028,4,2026/7/26,
100000597877,4,2026/7/11,
100000573403,2,2026/7/3,
100000598032,4,2026/8/4,
100000597881,4,2026/8/4,
100000573558,1,2026/7/10,
100000573564,1,2026/7/10,
100000573436,3,2026/7/16,
100000573573,10,2026/7/6,
100000527047,3,2026/7/8,
100000527046,12,2026/7/8,
100000527045,6,2026/7/8,
800000011951,2,2026/6/29,
800000011952,2,2026/6/29,
800000011953,2,2026/6/29,
800000011981,2,2026/6/29,
800000011982,2,2026/6/29,
800000011983,2,2026/6/29,
800000011986,2,2026/6/30,
800000011987,2,2026/6/30,
800000011988,2,2026/6/30,
800000011989,2,2026/6/30,
800000011990,2,2026/6/30,
800000011991,2,2026/6/30,
800000011992,2,2026/6/30,
800000011993,2,2026/6/30,
800000011996,2,2026/6/30,
800000011999,2,2026/6/30,
800000012000,2,2026/6/30,
800000012001,2,2026/7/3,
800000012002,2,2026/6/30,
800000013150,5,2026/7/9,
100000474315,2,2026/6/29,
100000485417,2,2026/6/29,
100000490916,2,2026/6/29,
100000492930,2,2026/6/29,
100000568466,22,2026/7/4,
800000011994,2,2026/7/4,
800000011995,2,2026/7/4,
800000011998,2,2026/7/5,
100000601491,2,2026/7/11,
800000011931,2,2026/7/3,
100000635823,34,2026/7/15,
100000635932,14,2026/7/16,
100000635940,4,2026/7/23,
100000568470,2,2026/7/8,
100000589393,36,2026/7/14,
100000490938,7,2026/7/11,
100000490707,8,2026/7/4,
100000490679,4,2026/7/11,
100000589428,1,2026/7/7,
100000549617,3,2026/7/7,
100000568286,1,2026/7/15,
100000597883,1,2026/7/15,
100000621956,1,2026/7/4,
100000529911,1,2026/7/5,
100000598018,1,2026/7/10,
100000598019,1,2026/7/10,
100000598020,12,2026/7/10,
100000597862,1,2026/7/10,
100000597863,1,2026/7/10,
100000651805,2,2026/7/16,
100000573404,2,2026/7/5,
100000598031,3,2026/7/5,
100000597880,4,2026/7/5,
100000573405,2,2026/7/5,
100000598030,2,2026/7/5,
100000597879,4,2026/7/5,
100000573402,2,2026/7/5,
100000598024,4,2026/7/5,
100000598033,4,2026/7/5,
100000598025,3,2026/7/5,
100000597874,4,2026/7/5,
100000598026,3,2026/7/5,
100000597875,4,2026/7/5,
100000598027,3,2026/7/5,
100000597876,4,2026/7/5,
100000580691,1,2026/7/1,
100000580692,1,2026/7/10,
100000580693,1,2026/7/10,
100000580694,1,2026/7/10,
100000580695,1,2026/7/10,
100000522131,1,2026/7/14,
100000521939,1,2026/7/14,
100000537720,1,2026/7/14,
100000580672,1,2026/7/1,
100000580696,1,2026/7/10,
100000580697,1,2026/7/10,
100000580698,1,2026/7/10,
100000488060,1,2026/7/10,
100000507976,1,2026/7/10,
100000537700,1,2026/7/15,
100000568605,1,2026/7/15,
100000567826,4,2026/7/15,
100000567841,4,2026/7/15,
100000488064,1,2026/7/10,
100000507977,1,2026/7/5,
100000537699,1,2026/7/14,
100000568600,1,2026/7/10,
100000567824,4,2026/7/1,
100000567839,4,2026/7/10,
100000488062,1,2026/7/9,
100000507978,1,2026/7/5,
100000537702,1,2026/7/14,
100000568595,1,2026/7/10,
100000567822,4,2026/7/1,
100000567837,4,2026/7/10,
100000488061,2,2026/7/7,
100000507975,2,2026/7/6,
100000537701,2,2026/7/15,
100000568594,2,2026/7/11,
100000567820,8,2026/7/2,
100000567835,8,2026/7/11,
100000338943,12,2026/8/17,
100000338732,4,2026/8/24,
100000338837,8,2026/8/24,
100000338855,8,2026/8/8,
100000338866,2,2026/8/4,
100000567952,1,2026/7/5,
100000568002,1,2026/7/13,
100000568290,1,2026/7/7,
100000568076,1,2026/7/8,
100000621977,1,2026/7/9,
100000562001,1,2026/7/4,
100000621980,1,2026/7/7,
100000622266,1,2026/7/9,
100000566382,1,2026/7/10,
100000566402,1,2026/7/10,
100000566139,1,2026/7/10,
100000621978,1,2026/7/7,
100000622264,1,2026/7/10,
100000606224,1,2026/7/11,
100000606182,1,2026/7/11,
100000606184,1,2026/7/11,
100000606188,1,2026/7/11,
100000621979,1,2026/7/7,
100000319127,5,2026/8/28,
100000589326,2,2026/7/14,
100000574178,2,2026/7/4,
100000238738,7,2026/7/11,
100000244405,7,2026/7/11,
100000264079,7,2026/7/8,
100000387530,7,2026/7/22,
100000487907,7,2026/7/8,
100000533539,7,2026/7/8,
100000589327,14,2026/7/23,
100000514364,7,2026/7/8,
100000589364,7,2026/8/23,
100000238740,1,2026/7/23,
100000589328,1,2026/8/23,
100000574187,1,2026/7/14,
100000531996,1,2026/7/15,
100000531926,1,2026/7/4,
100000531927,1,2026/7/4,
100000531889,1,2026/7/4,
100000531901,1,2026/7/8,
100000531965,1,2026/7/8,
100000531966,1,2026/7/8,
100000531971,1,2026/7/8,
100000597870,1,2026/7/15,
100000597871,3,2026/7/8,
100000597868,1,2026/7/15,
100000597869,1,2026/7/15,
100000606174,1,2026/7/4,
100000606176,1,2026/7/4,
100000606187,1,2026/7/4,
100000490819,1,2026/7/7,
100000374260,1,2026/7/13,
100000374216,1,2026/7/13,
100000490964,1,2026/7/15,
100000589423,1,2026/7/10,
100000490967,1,2026/7/2,
100000347805,1,2026/7/10,
100000347454,1,2026/7/10,
100000490822,1,2026/7/4,
100000589426,1,2026/7/7,
100000366843,1,2026/7/11,
100000532140,1,2026/8/13,
100000532146,1,2026/8/13,
100000574397,1,2026/8/3,
100000574145,1,2026/8/8,
100000573915,1,2026/8/8,
100000532141,3,2026/8/22,
100000574399,3,2026/8/3,
100000532147,3,2026/8/22,
100000574147,3,2026/8/3,
100000573918,3,2026/8/8,
100000366835,1,2026/7/5,
100000348348,1,2026/7/5,
100000532142,1,2026/8/29,
100000574402,1,2026/8/4,
100000532148,1,2026/8/14,
100000574149,1,2026/8/4,
100000573920,1,2026/8/9,
100000366837,1,2026/7/5,
100000532143,1,2026/7/5,
100000532149,1,2026/8/29,
100000573926,1,2026/8/9,
100000574407,1,2026/8/9,
100000573909,1,2026/8/9,
100000562226,1,2026/8/9,
100000532144,1,2026/7/12,
100000532150,1,2026/7/12,
100000574404,1,2026/8/9,
100000574151,1,2026/8/9,
100000573923,1,2026/8/9,
100000520078,1,2026/7/8,
100000521683,1,2026/6/30,
100000352091,1,2026/7/11,
100000589425,1,2026/8/5,
100000490966,1,2026/7/4,
100000490821,1,2026/7/4,
100000589424,1,2026/7/11,
100000597742,1,2026/7/15,
100000597741,1,2026/7/15,
800000011709,1,2026/8/24,
800000011710,1,2026/8/24,
800000011711,1,2026/8/24,
800000011712,1,2026/8/24,
800000011713,1,2026/8/24,
800000011714,1,2026/8/24,
800000011715,1,2026/8/24,
800000011716,1,2026/8/23,
800000011717,1,2026/8/10,
800000011718,1,2026/8/10,
800000011719,1,2026/8/10,
800000011720,1,2026/8/10,
800000011721,1,2026/8/10,
800000011722,1,2026/8/10,
800000011723,1,2026/8/10,
800000011724,1,2026/8/10,
800000011725,1,2026/8/10,
800000011726,1,2026/8/10,
800000011727,1,2026/8/10,
800000011728,1,2026/8/10,
100000558341,1,2026/7/7,
100000601188,1,2026/7/11,
800000011140,1,2026/8/24,
800000011141,1,2026/8/24,
800000011142,1,2026/8/24,
800000011143,1,2026/8/24,
800000011144,1,2026/8/24,
800000011145,1,2026/8/24,
800000011146,1,2026/8/24,
800000011147,1,2026/8/24,
800000011148,1,2026/8/24,
800000011149,1,2026/8/24,
800000011150,1,2026/8/23,
800000011151,1,2026/8/10,
800000011152,1,2026/8/10,
800000011153,1,2026/8/10,
800000011154,1,2026/8/10,
800000011155,1,2026/8/10,
800000011156,1,2026/8/10,
800000011157,1,2026/8/10,
800000011158,1,2026/8/10,
800000011159,1,2026/8/10,
800000011160,1,2026/8/10,
800000011161,1,2026/8/10,
800000011162,1,2026/8/10,
100000416233,3,2026/7/5,
100000416230,3,2026/7/5,
100000422268,3,2026/7/19,
100000416231,1,2026/7/5,
100000422267,3,2026/7/29,
100000422341,1,2026/7/10,
100000423748,1,2026/7/3,
100000553648,1,2026/7/11,
600000000395,1,2026/6/29,
800000011732,1,2026/8/1,
100000147414,1,2026/7/7,
100000142564,1,2026/7/6,
100000310817,1,2026/7/6,
100000250172,1,2026/7/22,
100000029805,1,2026/7/17,
100000029445,1,2026/7/17,
100000194097,1,2026/7/4,
100000067916,1,2026/7/6,
100000416232,1,2026/7/3,
100000111617,2,2026/7/6,
100000330215,1,2026/7/5,
100000269647,1,2026/7/3,
100000277946,2,2026/7/2,
100000277947,2,2026/7/2,
100000277948,2,2026/7/2,
100000277949,2,2026/7/2,
100000277950,2,2026/7/2,
100000277951,2,2026/7/2,
100000277915,2,2026/7/1,
100000277916,2,2026/7/1,
100000277917,2,2026/7/1,
100000277918,2,2026/7/1,
100000277919,2,2026/7/1,
100000277920,2,2026/7/1,
100000277921,2,2026/7/1,
100000277922,2,2026/7/1,
100000277923,2,2026/7/2,
100000277924,2,2026/7/2,
100000277925,2,2026/7/2,
100000277933,2,2026/7/2,
100000277934,2,2026/7/2,
100000277935,2,2026/7/2,
100000277936,2,2026/7/2,
100000277937,2,2026/7/2,
100000277938,2,2026/7/2,
100000277939,2,2026/7/2,
100000277940,2,2026/7/2,
100000277941,2,2026/7/2,
100000277942,2,2026/7/2,
100000277943,2,2026/7/2,
100000277926,2,2026/7/2,
100000277900,2,2026/7/10,
100000551314,2,2026/7/2,
100000550651,8,2026/7/2,
100000550652,2,2026/7/2,
100000255831,30,2026/7/12,
100000224010,4,2026/6/30,
100000551264,2,2026/7/3,
100000204087,2,2026/7/8,
100000225088,4,2026/7/8,
100000225408,4,2026/7/8,
100000232272,4,2026/7/8,
100000294009,4,2026/7/3,
100000549904,6,2026/7/3,
100000374261,5,2026/7/18,
100000374303,3,2026/7/18,
100000374273,1,2026/7/18,
100000374355,8,2026/7/18,
100000377274,1,2026/7/1,
100000574603,1,2026/7/1,
100000574604,1,2026/7/1,
100000374283,5,2026/7/18,
100000374308,3,2026/7/18,
100000374275,1,2026/7/18,
100000374324,1,2026/7/18,
100000377235,1,2026/7/6,
100000352055,3,2026/7/18,
100000352097,2,2026/7/18,
100000371696,2,2026/7/18,
100000352076,3,2026/7/18,
100000371967,5,2026/7/18,
100000449911,1,2026/7/18,
100000124366,2,2026/7/18,
100000367122,1,2026/8/11,
800000000487,5,2026/7/12,
800000000488,5,2026/7/17,
200000001293,5,2026/7/3,
100000532090,4,2026/7/18,
100000540394,6,2026/7/18,
100000597403,10,2026/7/18,
100000597474,32,2026/6/30,
100000232304,3,2026/6/30,
100000233672,3,2026/6/30,
700000000449,4,2026/7/7,
700000000450,4,2026/7/17,
800000010580,1,2026/7/5,
700000000765,1,2026/7/3,
